subset,model,seed,dim,sev,one_minus_q,rmse,score,ece,cov90,rmse_base
FD001,lstm,0,accuracy,0,0.0,14.900993347167969,283.6417541503906,0.06999999999999999,0.87,14.900993347167969
FD001,lstm,0,accuracy,1,0.050000011920928955,14.861406326293945,280.0305480957031,0.06499999999999999,0.9,14.900993347167969
FD001,lstm,0,accuracy,2,0.18750005960464478,15.111825942993164,310.7046203613281,0.06899999999999998,0.84,14.900993347167969
FD001,lstm,0,accuracy,3,0.3250000476837158,16.539121627807617,405.1448974609375,0.05599999999999998,0.83,14.900993347167969
FD001,lstm,0,accuracy,4,0.46250003576278687,16.043697357177734,309.7296142578125,0.06299999999999997,0.85,14.900993347167969
FD001,lstm,0,accuracy,5,0.6000000238418579,17.438230514526367,401.4881286621094,0.07999999999999999,0.8,14.900993347167969
FD001,lstm,0,accuracy_bias,0,0.0,14.900993347167969,283.6417541503906,0.06999999999999999,0.87,14.900993347167969
FD001,lstm,0,accuracy_bias,1,0.050000011920928955,14.812410354614258,264.9457702636719,0.07999999999999997,0.87,14.900993347167969
FD001,lstm,0,accuracy_bias,2,0.18750005960464478,16.580337524414062,328.3190002441406,0.15299999999999997,0.78,14.900993347167969
FD001,lstm,0,accuracy_bias,3,0.3250000476837158,21.768054962158203,953.595947265625,0.252,0.63,14.900993347167969
FD001,lstm,0,accuracy_bias,4,0.46250003576278687,26.541107177734375,1644.2874755859375,0.359,0.43,14.900993347167969
FD001,lstm,0,accuracy_bias,5,0.6000000238418579,30.899133682250977,2067.962158203125,0.4149999999999999,0.27,14.900993347167969
FD001,lstm,0,completeness_MCAR,0,0.0,14.900993347167969,283.6417541503906,0.06999999999999999,0.87,14.900993347167969
FD001,lstm,0,completeness_MCAR,1,0.0503922700881958,15.19680118560791,323.7441101074219,0.06599999999999999,0.88,14.900993347167969
FD001,lstm,0,completeness_MCAR,2,0.162725567817688,15.103360176086426,289.7932434082031,0.059999999999999984,0.9,14.900993347167969
FD001,lstm,0,completeness_MCAR,3,0.276039183139801,15.406256675720215,370.9700622558594,0.06799999999999998,0.86,14.900993347167969
FD001,lstm,0,completeness_MCAR,4,0.388568639755249,15.481974601745605,297.96331787109375,0.07499999999999998,0.86,14.900993347167969
FD001,lstm,0,completeness_MCAR,5,0.499666690826416,18.220426559448242,497.9706115722656,0.06599999999999998,0.82,14.900993347167969
FD001,lstm,0,completeness_MAR,0,0.0,14.900993347167969,283.6417541503906,0.06999999999999999,0.87,14.900993347167969
FD001,lstm,0,completeness_MAR,1,0.05029416084289551,14.752180099487305,285.0391845703125,0.072,0.91,14.900993347167969
FD001,lstm,0,completeness_MAR,2,0.16266673803329468,16.057750701904297,416.5094909667969,0.06499999999999997,0.87,14.900993347167969
FD001,lstm,0,completeness_MAR,3,0.27568626403808594,15.79251766204834,378.1883544921875,0.050999999999999976,0.88,14.900993347167969
FD001,lstm,0,completeness_MAR,4,0.3881961703300476,17.003711700439453,443.73919677734375,0.058999999999999976,0.83,14.900993347167969
FD001,lstm,0,completeness_MAR,5,0.5003921985626221,18.326675415039062,531.507568359375,0.06899999999999999,0.85,14.900993347167969
FD001,lstm,0,completeness_MNAR,0,0.0,14.900993347167969,283.6417541503906,0.06999999999999999,0.87,14.900993347167969
FD001,lstm,0,completeness_MNAR,1,0.05043137073516846,14.674432754516602,273.52777099609375,0.06999999999999999,0.88,14.900993347167969
FD001,lstm,0,completeness_MNAR,2,0.16396087408065796,16.273176193237305,395.0949401855469,0.06499999999999997,0.84,14.900993347167969
FD001,lstm,0,completeness_MNAR,3,0.27611762285232544,17.232961654663086,858.28662109375,0.04499999999999999,0.86,14.900993347167969
FD001,lstm,0,completeness_MNAR,4,0.38972556591033936,16.83690071105957,558.7469482421875,0.050999999999999976,0.83,14.900993347167969
FD001,lstm,0,completeness_MNAR,5,0.5028039813041687,27.80548667907715,5355.64892578125,0.11599999999999999,0.73,14.900993347167969
FD001,lstm,0,timeliness,0,0.0,14.900993347167969,283.6417541503906,0.06999999999999999,0.87,14.900993347167969
FD001,lstm,0,timeliness,1,0.15384620428085327,15.10362720489502,296.1313171386719,0.06499999999999999,0.88,14.900993347167969
FD001,lstm,0,timeliness,2,0.38461536169052124,16.436370849609375,343.0204772949219,0.048999999999999974,0.78,14.900993347167969
FD001,lstm,0,timeliness,3,0.5384615659713745,18.41674041748047,569.364013671875,0.05999999999999998,0.72,14.900993347167969
FD001,lstm,0,timeliness,4,0.7692307829856873,19.224641799926758,715.228271484375,0.07899999999999999,0.7,14.900993347167969
FD001,lstm,0,timeliness,5,1.0,22.822601318359375,1402.2305908203125,0.07900000000000001,0.7,14.900993347167969
FD001,lstm,0,consistency,0,0.0,14.900993347167969,283.6417541503906,0.06999999999999999,0.87,14.900993347167969
FD001,lstm,0,consistency,1,0.052941203117370605,15.22323989868164,270.57977294921875,0.16199999999999998,0.79,14.900993347167969
FD001,lstm,0,consistency,2,0.17205888032913208,21.019182205200195,606.0637817382812,0.30599999999999994,0.53,14.900993347167969
FD001,lstm,0,consistency,3,0.2911764979362488,21.451885223388672,615.6246337890625,0.293,0.56,14.900993347167969
FD001,lstm,0,consistency,4,0.4102941155433655,19.456954956054688,530.8985595703125,0.271,0.58,14.900993347167969
FD001,lstm,0,consistency,5,0.529411792755127,33.17677307128906,3394.553955078125,0.41899999999999993,0.24,14.900993347167969
FD001,lstm,0,drift,0,0.0,14.900993347167969,283.6417541503906,0.06999999999999999,0.87,14.900993347167969
FD001,lstm,0,drift,1,0.10000008344650269,15.264460563659668,276.2585144042969,0.10499999999999998,0.82,14.900993347167969
FD001,lstm,0,drift,2,0.3250000476837158,20.070390701293945,526.7261352539062,0.246,0.69,14.900993347167969
FD001,lstm,0,drift,3,0.5500000417232513,29.614212036132812,1985.6123046875,0.382,0.45,14.900993347167969
FD001,lstm,0,drift,4,0.7750000208616257,36.991214752197266,4303.50732421875,0.44099999999999995,0.23,14.900993347167969
FD001,lstm,0,drift,5,1.0,43.03961181640625,7485.55810546875,0.47800000000000004,0.12,14.900993347167969
FD001,lstm,1,accuracy,0,0.0,15.072189331054688,369.0240478515625,0.053000000000000005,0.89,15.072189331054688
FD001,lstm,1,accuracy,1,0.050000011920928955,14.870108604431152,351.1048278808594,0.054000000000000006,0.88,15.072189331054688
FD001,lstm,1,accuracy,2,0.18750005960464478,15.322644233703613,406.92218017578125,0.05299999999999998,0.83,15.072189331054688
FD001,lstm,1,accuracy,3,0.3250000476837158,15.220486640930176,367.5948791503906,0.055999999999999994,0.83,15.072189331054688
FD001,lstm,1,accuracy,4,0.46250003576278687,17.3112850189209,524.367431640625,0.03499999999999999,0.81,15.072189331054688
FD001,lstm,1,accuracy,5,0.6000000238418579,17.857398986816406,448.0982666015625,0.05199999999999999,0.76,15.072189331054688
FD001,lstm,1,accuracy_bias,0,0.0,15.072189331054688,369.0240478515625,0.053000000000000005,0.89,15.072189331054688
FD001,lstm,1,accuracy_bias,1,0.050000011920928955,15.585177421569824,397.31256103515625,0.06699999999999998,0.85,15.072189331054688
FD001,lstm,1,accuracy_bias,2,0.18750005960464478,16.814743041992188,385.91632080078125,0.13899999999999996,0.75,15.072189331054688
FD001,lstm,1,accuracy_bias,3,0.3250000476837158,20.486520767211914,714.1106567382812,0.25199999999999995,0.57,15.072189331054688
FD001,lstm,1,accuracy_bias,4,0.46250003576278687,24.370952606201172,1037.0638427734375,0.313,0.46,15.072189331054688
FD001,lstm,1,accuracy_bias,5,0.6000000238418579,28.73267364501953,1969.6072998046875,0.37899999999999995,0.32,15.072189331054688
FD001,lstm,1,completeness_MCAR,0,0.0,15.072189331054688,369.0240478515625,0.053000000000000005,0.89,15.072189331054688
FD001,lstm,1,completeness_MCAR,1,0.0503922700881958,15.457327842712402,389.71588134765625,0.05399999999999997,0.88,15.072189331054688
FD001,lstm,1,completeness_MCAR,2,0.162725567817688,16.34090232849121,471.40411376953125,0.049999999999999996,0.81,15.072189331054688
FD001,lstm,1,completeness_MCAR,3,0.276039183139801,15.359020233154297,321.0293273925781,0.048999999999999974,0.82,15.072189331054688
FD001,lstm,1,completeness_MCAR,4,0.388568639755249,15.55119800567627,335.6648864746094,0.04099999999999998,0.82,15.072189331054688
FD001,lstm,1,completeness_MCAR,5,0.499666690826416,17.799650192260742,499.7688293457031,0.06099999999999998,0.76,15.072189331054688
FD001,lstm,1,completeness_MAR,0,0.0,15.072189331054688,369.0240478515625,0.053000000000000005,0.89,15.072189331054688
FD001,lstm,1,completeness_MAR,1,0.05029416084289551,14.77564525604248,356.5814514160156,0.05499999999999999,0.87,15.072189331054688
FD001,lstm,1,completeness_MAR,2,0.16266673803329468,16.125574111938477,444.6937561035156,0.04899999999999999,0.79,15.072189331054688
FD001,lstm,1,completeness_MAR,3,0.27568626403808594,17.155454635620117,570.0066528320312,0.048999999999999974,0.85,15.072189331054688
FD001,lstm,1,completeness_MAR,4,0.3881961703300476,16.634183883666992,536.2882080078125,0.05399999999999999,0.83,15.072189331054688
FD001,lstm,1,completeness_MAR,5,0.5003921985626221,18.561447143554688,580.203857421875,0.04099999999999998,0.81,15.072189331054688
FD001,lstm,1,completeness_MNAR,0,0.0,15.072189331054688,369.0240478515625,0.053000000000000005,0.89,15.072189331054688
FD001,lstm,1,completeness_MNAR,1,0.05043137073516846,14.644039154052734,309.9101867675781,0.049999999999999975,0.88,15.072189331054688
FD001,lstm,1,completeness_MNAR,2,0.16396087408065796,16.056598663330078,454.0939636230469,0.04899999999999998,0.83,15.072189331054688
FD001,lstm,1,completeness_MNAR,3,0.27611762285232544,16.887617111206055,657.0718994140625,0.061,0.82,15.072189331054688
FD001,lstm,1,completeness_MNAR,4,0.38972556591033936,19.074962615966797,649.8374633789062,0.038,0.78,15.072189331054688
FD001,lstm,1,completeness_MNAR,5,0.5028039813041687,26.086772918701172,3088.6455078125,0.10800000000000001,0.74,15.072189331054688
FD001,lstm,1,timeliness,0,0.0,15.072189331054688,369.0240478515625,0.053000000000000005,0.89,15.072189331054688
FD001,lstm,1,timeliness,1,0.15384620428085327,15.53038501739502,425.81939697265625,0.049,0.85,15.072189331054688
FD001,lstm,1,timeliness,2,0.38461536169052124,17.156038284301758,504.21337890625,0.05500000000000001,0.78,15.072189331054688
FD001,lstm,1,timeliness,3,0.5384615659713745,18.879825592041016,607.8685302734375,0.064,0.71,15.072189331054688
FD001,lstm,1,timeliness,4,0.7692307829856873,19.340991973876953,821.5787963867188,0.088,0.68,15.072189331054688
FD001,lstm,1,timeliness,5,1.0,22.11310577392578,1447.0201416015625,0.08000000000000003,0.71,15.072189331054688
FD001,lstm,1,consistency,0,0.0,15.072189331054688,369.0240478515625,0.053000000000000005,0.89,15.072189331054688
FD001,lstm,1,consistency,1,0.052941203117370605,15.890124320983887,400.5321960449219,0.11199999999999996,0.84,15.072189331054688
FD001,lstm,1,consistency,2,0.17205888032913208,17.59290885925293,430.71142578125,0.24499999999999997,0.63,15.072189331054688
FD001,lstm,1,consistency,3,0.2911764979362488,17.142662048339844,429.33306884765625,0.205,0.67,15.072189331054688
FD001,lstm,1,consistency,4,0.4102941155433655,20.87833595275879,773.0555419921875,0.259,0.59,15.072189331054688
FD001,lstm,1,consistency,5,0.529411792755127,26.831621170043945,1835.2567138671875,0.32599999999999996,0.41,15.072189331054688
FD001,lstm,1,drift,0,0.0,15.072189331054688,369.0240478515625,0.053000000000000005,0.89,15.072189331054688
FD001,lstm,1,drift,1,0.10000008344650269,15.515083312988281,345.53411865234375,0.07899999999999999,0.85,15.072189331054688
FD001,lstm,1,drift,2,0.3250000476837158,18.558053970336914,521.4151611328125,0.21400000000000002,0.68,15.072189331054688
FD001,lstm,1,drift,3,0.5500000417232513,25.042417526245117,1120.01953125,0.33899999999999997,0.47,15.072189331054688
FD001,lstm,1,drift,4,0.7750000208616257,32.89862823486328,2443.082763671875,0.44099999999999995,0.23,15.072189331054688
FD001,lstm,1,drift,5,1.0,40.49405288696289,4781.00830078125,0.489,0.07,15.072189331054688
FD001,lstm,2,accuracy,0,0.0,14.375961303710938,253.2745361328125,0.06799999999999998,0.88,14.375961303710938
FD001,lstm,2,accuracy,1,0.050000011920928955,14.184648513793945,243.17840576171875,0.06599999999999998,0.88,14.375961303710938
FD001,lstm,2,accuracy,2,0.18750005960464478,14.29150390625,246.79798889160156,0.07499999999999997,0.84,14.375961303710938
FD001,lstm,2,accuracy,3,0.3250000476837158,15.495342254638672,328.6701965332031,0.07199999999999998,0.89,14.375961303710938
FD001,lstm,2,accuracy,4,0.46250003576278687,16.208410263061523,336.32623291015625,0.05599999999999998,0.86,14.375961303710938
FD001,lstm,2,accuracy,5,0.6000000238418579,17.42310905456543,381.94525146484375,0.058999999999999976,0.82,14.375961303710938
FD001,lstm,2,accuracy_bias,0,0.0,14.375961303710938,253.2745361328125,0.06799999999999998,0.88,14.375961303710938
FD001,lstm,2,accuracy_bias,1,0.050000011920928955,14.471563339233398,253.2299346923828,0.08799999999999998,0.89,14.375961303710938
FD001,lstm,2,accuracy_bias,2,0.18750005960464478,16.32254409790039,330.2744140625,0.15799999999999997,0.77,14.375961303710938
FD001,lstm,2,accuracy_bias,3,0.3250000476837158,22.846330642700195,1338.997314453125,0.255,0.55,14.375961303710938
FD001,lstm,2,accuracy_bias,4,0.46250003576278687,29.210163116455078,3800.718994140625,0.33199999999999996,0.43,14.375961303710938
FD001,lstm,2,accuracy_bias,5,0.6000000238418579,35.092987060546875,4974.61767578125,0.409,0.3,14.375961303710938
FD001,lstm,2,completeness_MCAR,0,0.0,14.375961303710938,253.2745361328125,0.06799999999999998,0.88,14.375961303710938
FD001,lstm,2,completeness_MCAR,1,0.0503922700881958,15.04210090637207,290.3279113769531,0.06399999999999999,0.86,14.375961303710938
FD001,lstm,2,completeness_MCAR,2,0.162725567817688,15.28649616241455,316.0940246582031,0.06399999999999997,0.85,14.375961303710938
FD001,lstm,2,completeness_MCAR,3,0.276039183139801,15.778216361999512,311.8677978515625,0.06499999999999997,0.81,14.375961303710938
FD001,lstm,2,completeness_MCAR,4,0.388568639755249,16.660417556762695,359.3600769042969,0.07099999999999998,0.83,14.375961303710938
FD001,lstm,2,completeness_MCAR,5,0.499666690826416,19.388011932373047,603.3098754882812,0.07599999999999998,0.77,14.375961303710938
FD001,lstm,2,completeness_MAR,0,0.0,14.375961303710938,253.2745361328125,0.06799999999999998,0.88,14.375961303710938
FD001,lstm,2,completeness_MAR,1,0.05029416084289551,14.568586349487305,287.53570556640625,0.06299999999999997,0.89,14.375961303710938
FD001,lstm,2,completeness_MAR,2,0.16266673803329468,15.717568397521973,347.1627502441406,0.05699999999999998,0.84,14.375961303710938
FD001,lstm,2,completeness_MAR,3,0.27568626403808594,17.045366287231445,439.3764343261719,0.06799999999999998,0.86,14.375961303710938
FD001,lstm,2,completeness_MAR,4,0.3881961703300476,17.103492736816406,527.6719970703125,0.05999999999999998,0.79,14.375961303710938
FD001,lstm,2,completeness_MAR,5,0.5003921985626221,18.544347763061523,508.5808410644531,0.06299999999999997,0.82,14.375961303710938
FD001,lstm,2,completeness_MNAR,0,0.0,14.375961303710938,253.2745361328125,0.06799999999999998,0.88,14.375961303710938
FD001,lstm,2,completeness_MNAR,1,0.05043137073516846,14.6007080078125,262.5127868652344,0.06899999999999998,0.9,14.375961303710938
FD001,lstm,2,completeness_MNAR,2,0.16396087408065796,15.95141887664795,327.06103515625,0.056999999999999974,0.84,14.375961303710938
FD001,lstm,2,completeness_MNAR,3,0.27611762285232544,16.81465721130371,482.7342529296875,0.051000000000000004,0.88,14.375961303710938
FD001,lstm,2,completeness_MNAR,4,0.38972556591033936,20.341136932373047,824.6694946289062,0.04899999999999999,0.81,14.375961303710938
FD001,lstm,2,completeness_MNAR,5,0.5028039813041687,26.165279388427734,2563.101806640625,0.08400000000000002,0.76,14.375961303710938
FD001,lstm,2,timeliness,0,0.0,14.375961303710938,253.2745361328125,0.06799999999999998,0.88,14.375961303710938
FD001,lstm,2,timeliness,1,0.15384620428085327,15.085694313049316,301.6230163574219,0.04999999999999998,0.88,14.375961303710938
FD001,lstm,2,timeliness,2,0.38461536169052124,18.759119033813477,587.8239135742188,0.056999999999999995,0.77,14.375961303710938
FD001,lstm,2,timeliness,3,0.5384615659713745,18.896574020385742,630.7130737304688,0.08000000000000002,0.72,14.375961303710938
FD001,lstm,2,timeliness,4,0.7692307829856873,19.157564163208008,767.5,0.08100000000000002,0.74,14.375961303710938
FD001,lstm,2,timeliness,5,1.0,24.29868507385254,2153.36474609375,0.08500000000000003,0.76,14.375961303710938
FD001,lstm,2,consistency,0,0.0,14.375961303710938,253.2745361328125,0.06799999999999998,0.88,14.375961303710938
FD001,lstm,2,consistency,1,0.052941203117370605,14.772455215454102,257.2197265625,0.16799999999999998,0.81,14.375961303710938
FD001,lstm,2,consistency,2,0.17205888032913208,20.00152015686035,547.0103759765625,0.2919999999999999,0.57,14.375961303710938
FD001,lstm,2,consistency,3,0.2911764979362488,25.738513946533203,1676.18017578125,0.311,0.49,14.375961303710938
FD001,lstm,2,consistency,4,0.4102941155433655,21.873567581176758,846.6587524414062,0.255,0.59,14.375961303710938
FD001,lstm,2,consistency,5,0.529411792755127,42.674556732177734,15161.88671875,0.41100000000000003,0.25,14.375961303710938
FD001,lstm,2,drift,0,0.0,14.375961303710938,253.2745361328125,0.06799999999999998,0.88,14.375961303710938
FD001,lstm,2,drift,1,0.10000008344650269,14.696466445922852,251.21893310546875,0.09699999999999999,0.89,14.375961303710938
FD001,lstm,2,drift,2,0.3250000476837158,19.099987030029297,456.7502136230469,0.22199999999999998,0.72,14.375961303710938
FD001,lstm,2,drift,3,0.5500000417232513,28.02967071533203,1584.990234375,0.35200000000000004,0.41,14.375961303710938
FD001,lstm,2,drift,4,0.7750000208616257,37.62083435058594,4596.623046875,0.441,0.21,14.375961303710938
FD001,lstm,2,drift,5,1.0,45.64097213745117,9062.7431640625,0.475,0.08,14.375961303710938
FD001,lstm,3,accuracy,0,0.0,16.12066078186035,375.9866638183594,0.08399999999999998,0.89,16.12066078186035
FD001,lstm,3,accuracy,1,0.050000011920928955,16.22460174560547,387.59564208984375,0.07699999999999999,0.9,16.12066078186035
FD001,lstm,3,accuracy,2,0.18750005960464478,16.645343780517578,440.38970947265625,0.07899999999999997,0.87,16.12066078186035
FD001,lstm,3,accuracy,3,0.3250000476837158,16.440950393676758,343.19384765625,0.06799999999999998,0.84,16.12066078186035
FD001,lstm,3,accuracy,4,0.46250003576278687,17.940706253051758,457.3415832519531,0.06499999999999997,0.83,16.12066078186035
FD001,lstm,3,accuracy,5,0.6000000238418579,18.921316146850586,513.0499267578125,0.07399999999999998,0.78,16.12066078186035
FD001,lstm,3,accuracy_bias,0,0.0,16.12066078186035,375.9866638183594,0.08399999999999998,0.89,16.12066078186035
FD001,lstm,3,accuracy_bias,1,0.050000011920928955,16.071216583251953,311.14031982421875,0.08799999999999998,0.87,16.12066078186035
FD001,lstm,3,accuracy_bias,2,0.18750005960464478,23.138708114624023,1160.1829833984375,0.22199999999999998,0.69,16.12066078186035
FD001,lstm,3,accuracy_bias,3,0.3250000476837158,31.4199161529541,3169.24658203125,0.354,0.41,16.12066078186035
FD001,lstm,3,accuracy_bias,4,0.46250003576278687,35.37258529663086,4276.34326171875,0.38099999999999995,0.33,16.12066078186035
FD001,lstm,3,accuracy_bias,5,0.6000000238418579,40.42011260986328,6364.35009765625,0.43900000000000006,0.16,16.12066078186035
FD001,lstm,3,completeness_MCAR,0,0.0,16.12066078186035,375.9866638183594,0.08399999999999998,0.89,16.12066078186035
FD001,lstm,3,completeness_MCAR,1,0.0503922700881958,15.915327072143555,356.2633972167969,0.08899999999999998,0.88,16.12066078186035
FD001,lstm,3,completeness_MCAR,2,0.162725567817688,15.884498596191406,312.2919921875,0.06799999999999998,0.87,16.12066078186035
FD001,lstm,3,completeness_MCAR,3,0.276039183139801,16.77777671813965,391.4014892578125,0.06799999999999998,0.84,16.12066078186035
FD001,lstm,3,completeness_MCAR,4,0.388568639755249,18.14239501953125,510.808349609375,0.07199999999999998,0.85,16.12066078186035
FD001,lstm,3,completeness_MCAR,5,0.499666690826416,17.90679931640625,430.15802001953125,0.07899999999999997,0.79,16.12066078186035
FD001,lstm,3,completeness_MAR,0,0.0,16.12066078186035,375.9866638183594,0.08399999999999998,0.89,16.12066078186035
FD001,lstm,3,completeness_MAR,1,0.05029416084289551,16.17551612854004,378.4723205566406,0.06699999999999998,0.92,16.12066078186035
FD001,lstm,3,completeness_MAR,2,0.16266673803329468,17.65703773498535,497.4697570800781,0.08699999999999998,0.84,16.12066078186035
FD001,lstm,3,completeness_MAR,3,0.27568626403808594,17.631702423095703,490.4990234375,0.06599999999999998,0.88,16.12066078186035
FD001,lstm,3,completeness_MAR,4,0.3881961703300476,17.030977249145508,415.8811340332031,0.059999999999999984,0.84,16.12066078186035
FD001,lstm,3,completeness_MAR,5,0.5003921985626221,18.697938919067383,514.2454223632812,0.06699999999999998,0.83,16.12066078186035
FD001,lstm,3,completeness_MNAR,0,0.0,16.12066078186035,375.9866638183594,0.08399999999999998,0.89,16.12066078186035
FD001,lstm,3,completeness_MNAR,1,0.05043137073516846,16.157411575317383,364.5544128417969,0.08499999999999999,0.89,16.12066078186035
FD001,lstm,3,completeness_MNAR,2,0.16396087408065796,16.21955680847168,374.97393798828125,0.07099999999999998,0.87,16.12066078186035
FD001,lstm,3,completeness_MNAR,3,0.27611762285232544,18.06282615661621,740.712890625,0.068,0.83,16.12066078186035
FD001,lstm,3,completeness_MNAR,4,0.38972556591033936,19.492399215698242,818.8438720703125,0.06699999999999999,0.84,16.12066078186035
FD001,lstm,3,completeness_MNAR,5,0.5028039813041687,33.25603485107422,13793.4990234375,0.122,0.79,16.12066078186035
FD001,lstm,3,timeliness,0,0.0,16.12066078186035,375.9866638183594,0.08399999999999998,0.89,16.12066078186035
FD001,lstm,3,timeliness,1,0.15384620428085327,16.290746688842773,378.0247802734375,0.06400000000000002,0.88,16.12066078186035
FD001,lstm,3,timeliness,2,0.38461536169052124,18.344030380249023,549.7261352539062,0.06799999999999999,0.82,16.12066078186035
FD001,lstm,3,timeliness,3,0.5384615659713745,19.966453552246094,658.5172729492188,0.06200000000000001,0.77,16.12066078186035
FD001,lstm,3,timeliness,4,0.7692307829856873,20.20191192626953,1973.597412109375,0.077,0.77,16.12066078186035
FD001,lstm,3,timeliness,5,1.0,23.364519119262695,1352.338134765625,0.07800000000000003,0.74,16.12066078186035
FD001,lstm,3,consistency,0,0.0,16.12066078186035,375.9866638183594,0.08399999999999998,0.89,16.12066078186035
FD001,lstm,3,consistency,1,0.052941203117370605,16.88104820251465,331.81195068359375,0.14699999999999996,0.8,16.12066078186035
FD001,lstm,3,consistency,2,0.17205888032913208,22.61488151550293,853.195068359375,0.281,0.57,16.12066078186035
FD001,lstm,3,consistency,3,0.2911764979362488,26.886945724487305,1468.875,0.32999999999999996,0.41,16.12066078186035
FD001,lstm,3,consistency,4,0.4102941155433655,31.089723587036133,2515.47314453125,0.354,0.39,16.12066078186035
FD001,lstm,3,consistency,5,0.529411792755127,38.08945083618164,12862.83984375,0.388,0.29,16.12066078186035
FD001,lstm,3,drift,0,0.0,16.12066078186035,375.9866638183594,0.08399999999999998,0.89,16.12066078186035
FD001,lstm,3,drift,1,0.10000008344650269,16.59746551513672,330.6907043457031,0.09999999999999999,0.88,16.12066078186035
FD001,lstm,3,drift,2,0.3250000476837158,26.576187133789062,1195.9273681640625,0.29000000000000004,0.55,16.12066078186035
FD001,lstm,3,drift,3,0.5500000417232513,34.69105529785156,3082.945068359375,0.40800000000000003,0.32,16.12066078186035
FD001,lstm,3,drift,4,0.7750000208616257,40.136871337890625,5275.86328125,0.4659999999999999,0.15,16.12066078186035
FD001,lstm,3,drift,5,1.0,44.744876861572266,8116.6083984375,0.484,0.06,16.12066078186035
FD001,lstm,4,accuracy,0,0.0,14.878328323364258,281.1823425292969,0.06299999999999997,0.9,14.878328323364258
FD001,lstm,4,accuracy,1,0.050000011920928955,14.707914352416992,264.30657958984375,0.060999999999999985,0.89,14.878328323364258
FD001,lstm,4,accuracy,2,0.18750005960464478,15.01669979095459,297.8359069824219,0.05599999999999997,0.89,14.878328323364258
FD001,lstm,4,accuracy,3,0.3250000476837158,15.577224731445312,326.48443603515625,0.06,0.86,14.878328323364258
FD001,lstm,4,accuracy,4,0.46250003576278687,16.723325729370117,390.7099304199219,0.06799999999999999,0.86,14.878328323364258
FD001,lstm,4,accuracy,5,0.6000000238418579,17.840486526489258,443.8277282714844,0.07299999999999998,0.82,14.878328323364258
FD001,lstm,4,accuracy_bias,0,0.0,14.878328323364258,281.1823425292969,0.06299999999999997,0.9,14.878328323364258
FD001,lstm,4,accuracy_bias,1,0.050000011920928955,14.832863807678223,266.6207275390625,0.06899999999999998,0.9,14.878328323364258
FD001,lstm,4,accuracy_bias,2,0.18750005960464478,17.09698486328125,368.2323303222656,0.121,0.82,14.878328323364258
FD001,lstm,4,accuracy_bias,3,0.3250000476837158,23.27203941345215,1045.480224609375,0.25199999999999995,0.58,14.878328323364258
FD001,lstm,4,accuracy_bias,4,0.46250003576278687,29.73313331604004,2157.9111328125,0.373,0.39,14.878328323364258
FD001,lstm,4,accuracy_bias,5,0.6000000238418579,37.29743194580078,4320.279296875,0.42699999999999994,0.27,14.878328323364258
FD001,lstm,4,completeness_MCAR,0,0.0,14.878328323364258,281.1823425292969,0.06299999999999997,0.9,14.878328323364258
FD001,lstm,4,completeness_MCAR,1,0.0503922700881958,15.335135459899902,330.4005432128906,0.06399999999999999,0.89,14.878328323364258
FD001,lstm,4,completeness_MCAR,2,0.162725567817688,15.994136810302734,374.60992431640625,0.05299999999999999,0.89,14.878328323364258
FD001,lstm,4,completeness_MCAR,3,0.276039183139801,15.932696342468262,446.66497802734375,0.06299999999999999,0.91,14.878328323364258
FD001,lstm,4,completeness_MCAR,4,0.388568639755249,17.576438903808594,477.1257019042969,0.065,0.81,14.878328323364258
FD001,lstm,4,completeness_MCAR,5,0.499666690826416,16.983537673950195,395.3264465332031,0.05199999999999998,0.83,14.878328323364258
FD001,lstm,4,completeness_MAR,0,0.0,14.878328323364258,281.1823425292969,0.06299999999999997,0.9,14.878328323364258
FD001,lstm,4,completeness_MAR,1,0.05029416084289551,15.585257530212402,358.7280578613281,0.05499999999999999,0.91,14.878328323364258
FD001,lstm,4,completeness_MAR,2,0.16266673803329468,16.061031341552734,349.2776794433594,0.05799999999999998,0.87,14.878328323364258
FD001,lstm,4,completeness_MAR,3,0.27568626403808594,16.273340225219727,411.0971984863281,0.04699999999999998,0.9,14.878328323364258
FD001,lstm,4,completeness_MAR,4,0.3881961703300476,16.24808120727539,453.9558410644531,0.056999999999999974,0.85,14.878328323364258
FD001,lstm,4,completeness_MAR,5,0.5003921985626221,17.68787956237793,486.6293640136719,0.04699999999999997,0.87,14.878328323364258
FD001,lstm,4,completeness_MNAR,0,0.0,14.878328323364258,281.1823425292969,0.06299999999999997,0.9,14.878328323364258
FD001,lstm,4,completeness_MNAR,1,0.05043137073516846,15.058216094970703,297.3255310058594,0.058999999999999976,0.92,14.878328323364258
FD001,lstm,4,completeness_MNAR,2,0.16396087408065796,15.682389259338379,360.2044372558594,0.04799999999999997,0.87,14.878328323364258
FD001,lstm,4,completeness_MNAR,3,0.27611762285232544,17.00761604309082,655.2388305664062,0.05199999999999998,0.84,14.878328323364258
FD001,lstm,4,completeness_MNAR,4,0.38972556591033936,17.323564529418945,554.3074340820312,0.055000000000000014,0.81,14.878328323364258
FD001,lstm,4,completeness_MNAR,5,0.5028039813041687,27.15401840209961,4453.40673828125,0.13,0.74,14.878328323364258
FD001,lstm,4,timeliness,0,0.0,14.878328323364258,281.1823425292969,0.06299999999999997,0.9,14.878328323364258
FD001,lstm,4,timeliness,1,0.15384620428085327,15.635918617248535,370.14495849609375,0.059,0.87,14.878328323364258
FD001,lstm,4,timeliness,2,0.38461536169052124,18.953716278076172,605.0465087890625,0.059,0.79,14.878328323364258
FD001,lstm,4,timeliness,3,0.5384615659713745,18.532278060913086,619.8151245117188,0.06800000000000002,0.76,14.878328323364258
FD001,lstm,4,timeliness,4,0.7692307829856873,21.380409240722656,959.269775390625,0.086,0.67,14.878328323364258
FD001,lstm,4,timeliness,5,1.0,25.012596130371094,4442.76220703125,0.08500000000000002,0.72,14.878328323364258
FD001,lstm,4,consistency,0,0.0,14.878328323364258,281.1823425292969,0.06299999999999997,0.9,14.878328323364258
FD001,lstm,4,consistency,1,0.052941203117370605,14.751059532165527,255.55918884277344,0.12299999999999997,0.79,14.878328323364258
FD001,lstm,4,consistency,2,0.17205888032913208,19.851016998291016,646.143798828125,0.2789999999999999,0.63,14.878328323364258
FD001,lstm,4,consistency,3,0.2911764979362488,20.655515670776367,709.9228515625,0.286,0.61,14.878328323364258
FD001,lstm,4,consistency,4,0.4102941155433655,20.449575424194336,847.6940307617188,0.251,0.63,14.878328323364258
FD001,lstm,4,consistency,5,0.529411792755127,36.73627853393555,4756.9990234375,0.43199999999999994,0.22,14.878328323364258
FD001,lstm,4,drift,0,0.0,14.878328323364258,281.1823425292969,0.06299999999999997,0.9,14.878328323364258
FD001,lstm,4,drift,1,0.10000008344650269,14.765135765075684,251.18325805664062,0.08799999999999998,0.91,14.878328323364258
FD001,lstm,4,drift,2,0.3250000476837158,22.005434036254883,753.3946533203125,0.257,0.64,14.878328323364258
FD001,lstm,4,drift,3,0.5500000417232513,31.556407928466797,2141.401123046875,0.418,0.33,14.878328323364258
FD001,lstm,4,drift,4,0.7750000208616257,40.48579788208008,4931.92724609375,0.48699999999999993,0.07,14.878328323364258
FD001,lstm,4,drift,5,1.0,46.6807861328125,8543.7294921875,0.499,0.01,14.878328323364258
FD001,transformer,0,accuracy,0,0.0,16.823131561279297,722.6105346679688,0.051000000000000004,0.87,16.823131561279297
FD001,transformer,0,accuracy,1,0.050000011920928955,17.060749053955078,751.2299194335938,0.052000000000000005,0.87,16.823131561279297
FD001,transformer,0,accuracy,2,0.18750005960464478,16.538543701171875,688.7109985351562,0.051000000000000004,0.85,16.823131561279297
FD001,transformer,0,accuracy,3,0.3250000476837158,18.105730056762695,775.4990234375,0.026999999999999996,0.84,16.823131561279297
FD001,transformer,0,accuracy,4,0.46250003576278687,20.480443954467773,952.6603393554688,0.058999999999999976,0.74,16.823131561279297
FD001,transformer,0,accuracy,5,0.6000000238418579,20.468595504760742,733.0028686523438,0.11599999999999996,0.73,16.823131561279297
FD001,transformer,0,accuracy_bias,0,0.0,16.823131561279297,722.6105346679688,0.051000000000000004,0.87,16.823131561279297
FD001,transformer,0,accuracy_bias,1,0.050000011920928955,18.026227951049805,724.9401245117188,0.046,0.8,16.823131561279297
FD001,transformer,0,accuracy_bias,2,0.18750005960464478,25.365671157836914,1483.46923828125,0.238,0.7,16.823131561279297
FD001,transformer,0,accuracy_bias,3,0.3250000476837158,36.44383239746094,4775.93310546875,0.40700000000000003,0.36,16.823131561279297
FD001,transformer,0,accuracy_bias,4,0.46250003576278687,44.40743637084961,8320.4345703125,0.472,0.1,16.823131561279297
FD001,transformer,0,accuracy_bias,5,0.6000000238418579,49.61914825439453,13638.701171875,0.4739999999999999,0.1,16.823131561279297
FD001,transformer,0,completeness_MCAR,0,0.0,16.823131561279297,722.6105346679688,0.051000000000000004,0.87,16.823131561279297
FD001,transformer,0,completeness_MCAR,1,0.0503922700881958,16.56203269958496,717.4531860351562,0.06600000000000002,0.88,16.823131561279297
FD001,transformer,0,completeness_MCAR,2,0.162725567817688,18.750141143798828,1312.9366455078125,0.056999999999999995,0.84,16.823131561279297
FD001,transformer,0,completeness_MCAR,3,0.276039183139801,14.983616828918457,455.15765380859375,0.031,0.91,16.823131561279297
FD001,transformer,0,completeness_MCAR,4,0.388568639755249,19.214509963989258,998.554931640625,0.062,0.82,16.823131561279297
FD001,transformer,0,completeness_MCAR,5,0.499666690826416,21.371435165405273,1512.2236328125,0.097,0.79,16.823131561279297
FD001,transformer,0,completeness_MAR,0,0.0,16.823131561279297,722.6105346679688,0.051000000000000004,0.87,16.823131561279297
FD001,transformer,0,completeness_MAR,1,0.05029416084289551,16.742013931274414,742.4679565429688,0.067,0.86,16.823131561279297
FD001,transformer,0,completeness_MAR,2,0.16266673803329468,17.25761604309082,860.256591796875,0.076,0.82,16.823131561279297
FD001,transformer,0,completeness_MAR,3,0.27568626403808594,17.869504928588867,958.5460815429688,0.073,0.88,16.823131561279297
FD001,transformer,0,completeness_MAR,4,0.3881961703300476,17.27593994140625,722.153076171875,0.03600000000000001,0.86,16.823131561279297
FD001,transformer,0,completeness_MAR,5,0.5003921985626221,19.231504440307617,1162.3680419921875,0.10700000000000001,0.81,16.823131561279297
FD001,transformer,0,completeness_MNAR,0,0.0,16.823131561279297,722.6105346679688,0.051000000000000004,0.87,16.823131561279297
FD001,transformer,0,completeness_MNAR,1,0.05043137073516846,17.177841186523438,801.6734008789062,0.05700000000000001,0.87,16.823131561279297
FD001,transformer,0,completeness_MNAR,2,0.16396087408065796,17.117271423339844,743.9908447265625,0.10300000000000001,0.85,16.823131561279297
FD001,transformer,0,completeness_MNAR,3,0.27611762285232544,20.43614959716797,2780.15771484375,0.172,0.82,16.823131561279297
FD001,transformer,0,completeness_MNAR,4,0.38972556591033936,24.920656204223633,5818.8310546875,0.22600000000000006,0.7,16.823131561279297
FD001,transformer,0,completeness_MNAR,5,0.5028039813041687,38.89326095581055,25914.83203125,0.371,0.45,16.823131561279297
FD001,transformer,0,timeliness,0,0.0,16.823131561279297,722.6105346679688,0.051000000000000004,0.87,16.823131561279297
FD001,transformer,0,timeliness,1,0.15384620428085327,16.835315704345703,673.5330200195312,0.07900000000000001,0.86,16.823131561279297
FD001,transformer,0,timeliness,2,0.38461536169052124,21.807552337646484,1622.8472900390625,0.14100000000000001,0.73,16.823131561279297
FD001,transformer,0,timeliness,3,0.5384615659713745,20.9714298248291,3568.1337890625,0.099,0.77,16.823131561279297
FD001,transformer,0,timeliness,4,0.7692307829856873,21.62761116027832,1081.770263671875,0.13399999999999998,0.72,16.823131561279297
FD001,transformer,0,timeliness,5,1.0,24.916831970214844,3563.288330078125,0.171,0.63,16.823131561279297
FD001,transformer,0,consistency,0,0.0,16.823131561279297,722.6105346679688,0.051000000000000004,0.87,16.823131561279297
FD001,transformer,0,consistency,1,0.052941203117370605,19.74932098388672,806.3924560546875,0.13499999999999995,0.76,16.823131561279297
FD001,transformer,0,consistency,2,0.17205888032913208,28.394512176513672,2054.9775390625,0.317,0.41,16.823131561279297
FD001,transformer,0,consistency,3,0.2911764979362488,31.336759567260742,2321.5087890625,0.38199999999999995,0.33,16.823131561279297
FD001,transformer,0,consistency,4,0.4102941155433655,40.39146041870117,8230.65625,0.417,0.2,16.823131561279297
FD001,transformer,0,consistency,5,0.529411792755127,41.04756164550781,6384.76025390625,0.45499999999999996,0.15,16.823131561279297
FD001,transformer,0,drift,0,0.0,16.823131561279297,722.6105346679688,0.051000000000000004,0.87,16.823131561279297
FD001,transformer,0,drift,1,0.10000008344650269,18.208541870117188,711.6268920898438,0.05399999999999998,0.82,16.823131561279297
FD001,transformer,0,drift,2,0.3250000476837158,23.777849197387695,1090.543212890625,0.23499999999999996,0.7,16.823131561279297
FD001,transformer,0,drift,3,0.5500000417232513,31.525623321533203,2154.19482421875,0.371,0.47,16.823131561279297
FD001,transformer,0,drift,4,0.7750000208616257,37.7559814453125,3799.332275390625,0.438,0.19,16.823131561279297
FD001,transformer,0,drift,5,1.0,42.49837112426758,5925.63134765625,0.453,0.11,16.823131561279297
FD001,transformer,1,accuracy,0,0.0,20.77960205078125,1283.009765625,0.089,0.84,20.77960205078125
FD001,transformer,1,accuracy,1,0.050000011920928955,20.099634170532227,1193.09423828125,0.08399999999999999,0.85,20.77960205078125
FD001,transformer,1,accuracy,2,0.18750005960464478,20.96156883239746,1282.7047119140625,0.096,0.86,20.77960205078125
FD001,transformer,1,accuracy,3,0.3250000476837158,18.74171257019043,835.026123046875,0.04400000000000002,0.86,20.77960205078125
FD001,transformer,1,accuracy,4,0.46250003576278687,19.38140106201172,1074.05615234375,0.03599999999999998,0.82,20.77960205078125
FD001,transformer,1,accuracy,5,0.6000000238418579,22.316896438598633,1242.6396484375,0.11599999999999996,0.73,20.77960205078125
FD001,transformer,1,accuracy_bias,0,0.0,20.77960205078125,1283.009765625,0.089,0.84,20.77960205078125
FD001,transformer,1,accuracy_bias,1,0.050000011920928955,20.533876419067383,1228.48388671875,0.045000000000000005,0.85,20.77960205078125
FD001,transformer,1,accuracy_bias,2,0.18750005960464478,22.784711837768555,1926.002685546875,0.13399999999999995,0.77,20.77960205078125
FD001,transformer,1,accuracy_bias,3,0.3250000476837158,31.3017520904541,2721.25732421875,0.31299999999999994,0.55,20.77960205078125
FD001,transformer,1,accuracy_bias,4,0.46250003576278687,40.355255126953125,7610.94189453125,0.40700000000000003,0.32,20.77960205078125
FD001,transformer,1,accuracy_bias,5,0.6000000238418579,45.130775451660156,10802.015625,0.46399999999999997,0.16,20.77960205078125
FD001,transformer,1,completeness_MCAR,0,0.0,20.77960205078125,1283.009765625,0.089,0.84,20.77960205078125
FD001,transformer,1,completeness_MCAR,1,0.0503922700881958,19.805692672729492,1157.773193359375,0.088,0.87,20.77960205078125
FD001,transformer,1,completeness_MCAR,2,0.162725567817688,20.23944664001465,1519.9208984375,0.094,0.84,20.77960205078125
FD001,transformer,1,completeness_MCAR,3,0.276039183139801,18.619455337524414,1069.378662109375,0.09800000000000002,0.84,20.77960205078125
FD001,transformer,1,completeness_MCAR,4,0.388568639755249,18.594816207885742,842.9371337890625,0.098,0.84,20.77960205078125
FD001,transformer,1,completeness_MCAR,5,0.499666690826416,22.102846145629883,2444.052734375,0.11000000000000001,0.84,20.77960205078125
FD001,transformer,1,completeness_MAR,0,0.0,20.77960205078125,1283.009765625,0.089,0.84,20.77960205078125
FD001,transformer,1,completeness_MAR,1,0.05029416084289551,19.91588592529297,1041.8074951171875,0.09,0.89,20.77960205078125
FD001,transformer,1,completeness_MAR,2,0.16266673803329468,19.83794593811035,1268.53564453125,0.084,0.89,20.77960205078125
FD001,transformer,1,completeness_MAR,3,0.27568626403808594,20.588153839111328,1582.409912109375,0.087,0.85,20.77960205078125
FD001,transformer,1,completeness_MAR,4,0.3881961703300476,19.622583389282227,1308.5936279296875,0.09400000000000003,0.84,20.77960205078125
FD001,transformer,1,completeness_MAR,5,0.5003921985626221,20.224796295166016,1298.7816162109375,0.11500000000000003,0.85,20.77960205078125
FD001,transformer,1,completeness_MNAR,0,0.0,20.77960205078125,1283.009765625,0.089,0.84,20.77960205078125
FD001,transformer,1,completeness_MNAR,1,0.05043137073516846,21.34146499633789,1523.626220703125,0.093,0.85,20.77960205078125
FD001,transformer,1,completeness_MNAR,2,0.16396087408065796,20.41336441040039,1551.919921875,0.12300000000000003,0.86,20.77960205078125
FD001,transformer,1,completeness_MNAR,3,0.27611762285232544,21.659839630126953,1578.7308349609375,0.18100000000000002,0.83,20.77960205078125
FD001,transformer,1,completeness_MNAR,4,0.38972556591033936,25.276548385620117,7582.64013671875,0.20500000000000002,0.79,20.77960205078125
FD001,transformer,1,completeness_MNAR,5,0.5028039813041687,35.57791519165039,23291.3984375,0.281,0.62,20.77960205078125
FD001,transformer,1,timeliness,0,0.0,20.77960205078125,1283.009765625,0.089,0.84,20.77960205078125
FD001,transformer,1,timeliness,1,0.15384620428085327,22.155384063720703,1785.728515625,0.11800000000000002,0.84,20.77960205078125
FD001,transformer,1,timeliness,2,0.38461536169052124,23.551332473754883,1996.8841552734375,0.16299999999999998,0.71,20.77960205078125
FD001,transformer,1,timeliness,3,0.5384615659713745,21.061695098876953,1324.004638671875,0.13599999999999998,0.69,20.77960205078125
FD001,transformer,1,timeliness,4,0.7692307829856873,21.846345901489258,1777.2330322265625,0.14900000000000002,0.71,20.77960205078125
FD001,transformer,1,timeliness,5,1.0,25.47077178955078,2585.41015625,0.16099999999999998,0.65,20.77960205078125
FD001,transformer,1,consistency,0,0.0,20.77960205078125,1283.009765625,0.089,0.84,20.77960205078125
FD001,transformer,1,consistency,1,0.052941203117370605,20.565893173217773,1224.6485595703125,0.03800000000000002,0.83,20.77960205078125
FD001,transformer,1,consistency,2,0.17205888032913208,26.143268585205078,2334.5625,0.24299999999999997,0.6,20.77960205078125
FD001,transformer,1,consistency,3,0.2911764979362488,20.151168823242188,923.9537963867188,0.11399999999999996,0.74,20.77960205078125
FD001,transformer,1,consistency,4,0.4102941155433655,37.2336311340332,5672.9951171875,0.409,0.31,20.77960205078125
FD001,transformer,1,consistency,5,0.529411792755127,28.37175178527832,2008.9736328125,0.32399999999999995,0.51,20.77960205078125
FD001,transformer,1,drift,0,0.0,20.77960205078125,1283.009765625,0.089,0.84,20.77960205078125
FD001,transformer,1,drift,1,0.10000008344650269,20.952476501464844,1265.2188720703125,0.04100000000000001,0.86,20.77960205078125
FD001,transformer,1,drift,2,0.3250000476837158,21.912830352783203,1249.75537109375,0.08699999999999997,0.77,20.77960205078125
FD001,transformer,1,drift,3,0.5500000417232513,24.346708297729492,1440.805419921875,0.195,0.71,20.77960205078125
FD001,transformer,1,drift,4,0.7750000208616257,28.946880340576172,2036.2596435546875,0.284,0.63,20.77960205078125
FD001,transformer,1,drift,5,1.0,34.4461669921875,3212.773193359375,0.357,0.38,20.77960205078125
FD001,transformer,2,accuracy,0,0.0,19.39873695373535,1213.917724609375,0.11100000000000002,0.9,19.39873695373535
FD001,transformer,2,accuracy,1,0.050000011920928955,19.32090950012207,1295.8831787109375,0.11300000000000002,0.91,19.39873695373535
FD001,transformer,2,accuracy,2,0.18750005960464478,19.144006729125977,1084.695068359375,0.11500000000000002,0.92,19.39873695373535
FD001,transformer,2,accuracy,3,0.3250000476837158,17.818937301635742,730.4124755859375,0.11399999999999999,0.89,19.39873695373535
FD001,transformer,2,accuracy,4,0.46250003576278687,20.002634048461914,1279.39306640625,0.12100000000000002,0.91,19.39873695373535
FD001,transformer,2,accuracy,5,0.6000000238418579,20.57147216796875,1224.254638671875,0.12300000000000003,0.95,19.39873695373535
FD001,transformer,2,accuracy_bias,0,0.0,19.39873695373535,1213.917724609375,0.11100000000000002,0.9,19.39873695373535
FD001,transformer,2,accuracy_bias,1,0.050000011920928955,18.71903419494629,1026.135009765625,0.10799999999999998,0.91,19.39873695373535
FD001,transformer,2,accuracy_bias,2,0.18750005960464478,17.8973388671875,1056.855712890625,0.13299999999999998,0.95,19.39873695373535
FD001,transformer,2,accuracy_bias,3,0.3250000476837158,22.752443313598633,1090.5069580078125,0.13399999999999995,0.98,19.39873695373535
FD001,transformer,2,accuracy_bias,4,0.46250003576278687,30.13349151611328,2162.571044921875,0.152,0.99,19.39873695373535
FD001,transformer,2,accuracy_bias,5,0.6000000238418579,36.22500991821289,3557.759765625,0.17500000000000002,1.0,19.39873695373535
FD001,transformer,2,completeness_MCAR,0,0.0,19.39873695373535,1213.917724609375,0.11100000000000002,0.9,19.39873695373535
FD001,transformer,2,completeness_MCAR,1,0.0503922700881958,19.08814239501953,1094.4033203125,0.10400000000000001,0.9,19.39873695373535
FD001,transformer,2,completeness_MCAR,2,0.162725567817688,19.872966766357422,1309.10791015625,0.09900000000000002,0.89,19.39873695373535
FD001,transformer,2,completeness_MCAR,3,0.276039183139801,16.798725128173828,894.7747192382812,0.10900000000000001,0.91,19.39873695373535
FD001,transformer,2,completeness_MCAR,4,0.388568639755249,18.334449768066406,978.1531372070312,0.10600000000000001,0.9,19.39873695373535
FD001,transformer,2,completeness_MCAR,5,0.499666690826416,21.300567626953125,2332.139892578125,0.10400000000000001,0.87,19.39873695373535
FD001,transformer,2,completeness_MAR,0,0.0,19.39873695373535,1213.917724609375,0.11100000000000002,0.9,19.39873695373535
FD001,transformer,2,completeness_MAR,1,0.05029416084289551,18.108112335205078,888.1117553710938,0.10799999999999998,0.9,19.39873695373535
FD001,transformer,2,completeness_MAR,2,0.16266673803329468,19.721166610717773,1334.2462158203125,0.10200000000000001,0.9,19.39873695373535
FD001,transformer,2,completeness_MAR,3,0.27568626403808594,18.520849227905273,907.194580078125,0.10499999999999998,0.91,19.39873695373535
FD001,transformer,2,completeness_MAR,4,0.3881961703300476,19.43369483947754,1277.348388671875,0.10999999999999999,0.91,19.39873695373535
FD001,transformer,2,completeness_MAR,5,0.5003921985626221,20.249494552612305,1132.1414794921875,0.093,0.88,19.39873695373535
FD001,transformer,2,completeness_MNAR,0,0.0,19.39873695373535,1213.917724609375,0.11100000000000002,0.9,19.39873695373535
FD001,transformer,2,completeness_MNAR,1,0.05043137073516846,18.657306671142578,1125.2523193359375,0.1,0.9,19.39873695373535
FD001,transformer,2,completeness_MNAR,2,0.16396087408065796,19.375892639160156,931.3455810546875,0.11399999999999999,0.9,19.39873695373535
FD001,transformer,2,completeness_MNAR,3,0.27611762285232544,20.631084442138672,1618.1256103515625,0.12500000000000003,0.85,19.39873695373535
FD001,transformer,2,completeness_MNAR,4,0.38972556591033936,22.32008934020996,1682.269775390625,0.143,0.83,19.39873695373535
FD001,transformer,2,completeness_MNAR,5,0.5028039813041687,31.357799530029297,10976.837890625,0.20400000000000001,0.82,19.39873695373535
FD001,transformer,2,timeliness,0,0.0,19.39873695373535,1213.917724609375,0.11100000000000002,0.9,19.39873695373535
FD001,transformer,2,timeliness,1,0.15384620428085327,19.848615646362305,1312.5869140625,0.10200000000000001,0.86,19.39873695373535
FD001,transformer,2,timeliness,2,0.38461536169052124,22.682510375976562,2405.480712890625,0.13,0.85,19.39873695373535
FD001,transformer,2,timeliness,3,0.5384615659713745,21.816064834594727,2777.89453125,0.10600000000000002,0.88,19.39873695373535
FD001,transformer,2,timeliness,4,0.7692307829856873,22.272994995117188,6007.06201171875,0.11800000000000004,0.88,19.39873695373535
FD001,transformer,2,timeliness,5,1.0,24.63774871826172,5352.85888671875,0.118,0.84,19.39873695373535
FD001,transformer,2,consistency,0,0.0,19.39873695373535,1213.917724609375,0.11100000000000002,0.9,19.39873695373535
FD001,transformer,2,consistency,1,0.052941203117370605,19.00592041015625,1191.4735107421875,0.11500000000000002,0.91,19.39873695373535
FD001,transformer,2,consistency,2,0.17205888032913208,19.79424476623535,1671.9083251953125,0.12100000000000002,0.93,19.39873695373535
FD001,transformer,2,consistency,3,0.2911764979362488,18.676050186157227,1041.8165283203125,0.126,0.95,19.39873695373535
FD001,transformer,2,consistency,4,0.4102941155433655,33.09239196777344,4073.397216796875,0.15699999999999997,0.97,19.39873695373535
FD001,transformer,2,consistency,5,0.529411792755127,25.998111724853516,1696.7562255859375,0.13499999999999998,0.97,19.39873695373535
FD001,transformer,2,drift,0,0.0,19.39873695373535,1213.917724609375,0.11100000000000002,0.9,19.39873695373535
FD001,transformer,2,drift,1,0.10000008344650269,18.708782196044922,951.037109375,0.10600000000000001,0.91,19.39873695373535
FD001,transformer,2,drift,2,0.3250000476837158,17.97178077697754,740.1527709960938,0.12500000000000003,0.96,19.39873695373535
FD001,transformer,2,drift,3,0.5500000417232513,19.521263122558594,772.3029174804688,0.14,0.99,19.39873695373535
FD001,transformer,2,drift,4,0.7750000208616257,23.44491195678711,1046.801025390625,0.16199999999999998,1.0,19.39873695373535
FD001,transformer,2,drift,5,1.0,28.38933753967285,1639.242919921875,0.178,1.0,19.39873695373535
FD001,transformer,3,accuracy,0,0.0,16.515626907348633,461.541748046875,0.025000000000000005,0.86,16.515626907348633
FD001,transformer,3,accuracy,1,0.050000011920928955,16.142900466918945,447.8746337890625,0.020000000000000014,0.87,16.515626907348633
FD001,transformer,3,accuracy,2,0.18750005960464478,16.786943435668945,516.8309326171875,0.03900000000000001,0.83,16.515626907348633
FD001,transformer,3,accuracy,3,0.3250000476837158,17.211471557617188,512.5731201171875,0.06599999999999998,0.83,16.515626907348633
FD001,transformer,3,accuracy,4,0.46250003576278687,20.96375274658203,1089.347412109375,0.09899999999999995,0.75,16.515626907348633
FD001,transformer,3,accuracy,5,0.6000000238418579,25.086044311523438,1688.8828125,0.229,0.56,16.515626907348633
FD001,transformer,3,accuracy_bias,0,0.0,16.515626907348633,461.541748046875,0.025000000000000005,0.86,16.515626907348633
FD001,transformer,3,accuracy_bias,1,0.050000011920928955,17.247833251953125,506.22576904296875,0.07299999999999998,0.85,16.515626907348633
FD001,transformer,3,accuracy_bias,2,0.18750005960464478,22.827001571655273,955.584716796875,0.23399999999999993,0.7,16.515626907348633
FD001,transformer,3,accuracy_bias,3,0.3250000476837158,32.16117477416992,2956.62109375,0.3829999999999999,0.4,16.515626907348633
FD001,transformer,3,accuracy_bias,4,0.46250003576278687,40.07594680786133,5880.51904296875,0.45199999999999996,0.18,16.515626907348633
FD001,transformer,3,accuracy_bias,5,0.6000000238418579,44.979862213134766,9433.107421875,0.472,0.12,16.515626907348633
FD001,transformer,3,completeness_MCAR,0,0.0,16.515626907348633,461.541748046875,0.025000000000000005,0.86,16.515626907348633
FD001,transformer,3,completeness_MCAR,1,0.0503922700881958,17.248796463012695,530.0325317382812,0.02799999999999999,0.88,16.515626907348633
FD001,transformer,3,completeness_MCAR,2,0.162725567817688,17.71485710144043,591.5255737304688,0.04100000000000001,0.83,16.515626907348633
FD001,transformer,3,completeness_MCAR,3,0.276039183139801,15.708279609680176,400.2370910644531,0.011999999999999974,0.87,16.515626907348633
FD001,transformer,3,completeness_MCAR,4,0.388568639755249,16.7590389251709,438.6465759277344,0.025999999999999975,0.85,16.515626907348633
FD001,transformer,3,completeness_MCAR,5,0.499666690826416,18.102502822875977,663.505126953125,0.020999999999999974,0.84,16.515626907348633
FD001,transformer,3,completeness_MAR,0,0.0,16.515626907348633,461.541748046875,0.025000000000000005,0.86,16.515626907348633
FD001,transformer,3,completeness_MAR,1,0.05029416084289551,16.161828994750977,461.09552001953125,0.02299999999999998,0.86,16.515626907348633
FD001,transformer,3,completeness_MAR,2,0.16266673803329468,17.567264556884766,758.6566772460938,0.02699999999999999,0.83,16.515626907348633
FD001,transformer,3,completeness_MAR,3,0.27568626403808594,18.621654510498047,774.3419799804688,0.030000000000000016,0.85,16.515626907348633
FD001,transformer,3,completeness_MAR,4,0.3881961703300476,18.18721580505371,559.8643798828125,0.038999999999999986,0.79,16.515626907348633
FD001,transformer,3,completeness_MAR,5,0.5003921985626221,19.0477352142334,604.1309204101562,0.03199999999999999,0.79,16.515626907348633
FD001,transformer,3,completeness_MNAR,0,0.0,16.515626907348633,461.541748046875,0.025000000000000005,0.86,16.515626907348633
FD001,transformer,3,completeness_MNAR,1,0.05043137073516846,16.949644088745117,507.853515625,0.017999999999999995,0.88,16.515626907348633
FD001,transformer,3,completeness_MNAR,2,0.16396087408065796,19.10213279724121,835.8749389648438,0.062,0.8,16.515626907348633
FD001,transformer,3,completeness_MNAR,3,0.27611762285232544,16.09433937072754,586.8458251953125,0.09700000000000002,0.87,16.515626907348633
FD001,transformer,3,completeness_MNAR,4,0.38972556591033936,20.14194107055664,2261.48681640625,0.12600000000000003,0.71,16.515626907348633
FD001,transformer,3,completeness_MNAR,5,0.5028039813041687,30.68793296813965,13874.3095703125,0.259,0.61,16.515626907348633
FD001,transformer,3,timeliness,0,0.0,16.515626907348633,461.541748046875,0.025000000000000005,0.86,16.515626907348633
FD001,transformer,3,timeliness,1,0.15384620428085327,18.257951736450195,688.8694458007812,0.038000000000000006,0.84,16.515626907348633
FD001,transformer,3,timeliness,2,0.38461536169052124,20.960596084594727,1536.944091796875,0.10600000000000001,0.73,16.515626907348633
FD001,transformer,3,timeliness,3,0.5384615659713745,20.19528579711914,1482.5450439453125,0.064,0.75,16.515626907348633
FD001,transformer,3,timeliness,4,0.7692307829856873,22.8044490814209,3025.8818359375,0.131,0.64,16.515626907348633
FD001,transformer,3,timeliness,5,1.0,25.318918228149414,2776.413818359375,0.13000000000000003,0.63,16.515626907348633
FD001,transformer,3,consistency,0,0.0,16.515626907348633,461.541748046875,0.025000000000000005,0.86,16.515626907348633
FD001,transformer,3,consistency,1,0.052941203117370605,18.174789428710938,612.1079711914062,0.142,0.77,16.515626907348633
FD001,transformer,3,consistency,2,0.17205888032913208,25.153627395629883,1750.54443359375,0.321,0.48,16.515626907348633
FD001,transformer,3,consistency,3,0.2911764979362488,24.1710262298584,1148.56494140625,0.29999999999999993,0.48,16.515626907348633
FD001,transformer,3,consistency,4,0.4102941155433655,40.40533447265625,7478.50439453125,0.4200000000000001,0.25,16.515626907348633
FD001,transformer,3,consistency,5,0.529411792755127,33.91695785522461,3107.0537109375,0.4029999999999999,0.24,16.515626907348633
FD001,transformer,3,drift,0,0.0,16.515626907348633,461.541748046875,0.025000000000000005,0.86,16.515626907348633
FD001,transformer,3,drift,1,0.10000008344650269,17.86713409423828,576.904541015625,0.09299999999999997,0.83,16.515626907348633
FD001,transformer,3,drift,2,0.3250000476837158,22.649757385253906,996.564453125,0.23399999999999999,0.66,16.515626907348633
FD001,transformer,3,drift,3,0.5500000417232513,27.425554275512695,1584.7138671875,0.327,0.49,16.515626907348633
FD001,transformer,3,drift,4,0.7750000208616257,31.89693260192871,2419.58740234375,0.38499999999999995,0.32,16.515626907348633
FD001,transformer,3,drift,5,1.0,35.966190338134766,3604.387939453125,0.42800000000000005,0.15,16.515626907348633
FD001,transformer,4,accuracy,0,0.0,17.051006317138672,646.4012451171875,0.06000000000000001,0.85,17.051006317138672
FD001,transformer,4,accuracy,1,0.050000011920928955,16.893009185791016,641.1251220703125,0.06600000000000002,0.86,17.051006317138672
FD001,transformer,4,accuracy,2,0.18750005960464478,16.74408531188965,517.1076049804688,0.028000000000000004,0.83,17.051006317138672
FD001,transformer,4,accuracy,3,0.3250000476837158,17.332229614257812,572.7821655273438,0.05,0.78,17.051006317138672
FD001,transformer,4,accuracy,4,0.46250003576278687,21.3232479095459,917.47900390625,0.12199999999999997,0.72,17.051006317138672
FD001,transformer,4,accuracy,5,0.6000000238418579,24.881141662597656,1346.8463134765625,0.174,0.58,17.051006317138672
FD001,transformer,4,accuracy_bias,0,0.0,17.051006317138672,646.4012451171875,0.06000000000000001,0.85,17.051006317138672
FD001,transformer,4,accuracy_bias,1,0.050000011920928955,16.636001586914062,515.02783203125,0.02699999999999999,0.85,17.051006317138672
FD001,transformer,4,accuracy_bias,2,0.18750005960464478,21.00713348388672,786.4276123046875,0.182,0.71,17.051006317138672
FD001,transformer,4,accuracy_bias,3,0.3250000476837158,30.268217086791992,2922.484375,0.31999999999999995,0.45,17.051006317138672
FD001,transformer,4,accuracy_bias,4,0.46250003576278687,37.152889251708984,5439.4033203125,0.42800000000000005,0.25,17.051006317138672
FD001,transformer,4,accuracy_bias,5,0.6000000238418579,42.914154052734375,8905.6064453125,0.45999999999999996,0.14,17.051006317138672
FD001,transformer,4,completeness_MCAR,0,0.0,17.051006317138672,646.4012451171875,0.06000000000000001,0.85,17.051006317138672
FD001,transformer,4,completeness_MCAR,1,0.0503922700881958,16.8276424407959,700.7903442382812,0.05600000000000003,0.9,17.051006317138672
FD001,transformer,4,completeness_MCAR,2,0.162725567817688,16.901126861572266,805.5198974609375,0.06800000000000003,0.86,17.051006317138672
FD001,transformer,4,completeness_MCAR,3,0.276039183139801,16.289230346679688,724.1803588867188,0.065,0.86,17.051006317138672
FD001,transformer,4,completeness_MCAR,4,0.388568639755249,18.685253143310547,1090.482421875,0.065,0.84,17.051006317138672
FD001,transformer,4,completeness_MCAR,5,0.499666690826416,19.698129653930664,1366.0914306640625,0.099,0.82,17.051006317138672
FD001,transformer,4,completeness_MAR,0,0.0,17.051006317138672,646.4012451171875,0.06000000000000001,0.85,17.051006317138672
FD001,transformer,4,completeness_MAR,1,0.05029416084289551,15.953910827636719,499.3741455078125,0.062,0.85,17.051006317138672
FD001,transformer,4,completeness_MAR,2,0.16266673803329468,17.53717803955078,718.8598022460938,0.07600000000000003,0.89,17.051006317138672
FD001,transformer,4,completeness_MAR,3,0.27568626403808594,19.906339645385742,1563.488037109375,0.097,0.79,17.051006317138672
FD001,transformer,4,completeness_MAR,4,0.3881961703300476,18.60862922668457,1163.56689453125,0.06600000000000002,0.81,17.051006317138672
FD001,transformer,4,completeness_MAR,5,0.5003921985626221,20.050310134887695,1257.3538818359375,0.127,0.78,17.051006317138672
FD001,transformer,4,completeness_MNAR,0,0.0,17.051006317138672,646.4012451171875,0.06000000000000001,0.85,17.051006317138672
FD001,transformer,4,completeness_MNAR,1,0.05043137073516846,17.354490280151367,688.4424438476562,0.05700000000000001,0.85,17.051006317138672
FD001,transformer,4,completeness_MNAR,2,0.16396087408065796,18.5574893951416,842.7999267578125,0.12399999999999997,0.82,17.051006317138672
FD001,transformer,4,completeness_MNAR,3,0.27611762285232544,17.955955505371094,838.7268676757812,0.17400000000000002,0.88,17.051006317138672
FD001,transformer,4,completeness_MNAR,4,0.38972556591033936,24.732746124267578,3998.053955078125,0.195,0.72,17.051006317138672
FD001,transformer,4,completeness_MNAR,5,0.5028039813041687,35.51713562011719,19796.685546875,0.31399999999999995,0.58,17.051006317138672
FD001,transformer,4,timeliness,0,0.0,17.051006317138672,646.4012451171875,0.06000000000000001,0.85,17.051006317138672
FD001,transformer,4,timeliness,1,0.15384620428085327,17.70903778076172,882.4697265625,0.10200000000000001,0.87,17.051006317138672
FD001,transformer,4,timeliness,2,0.38461536169052124,23.014896392822266,1868.6650390625,0.18400000000000002,0.72,17.051006317138672
FD001,transformer,4,timeliness,3,0.5384615659713745,19.915369033813477,1231.6180419921875,0.14500000000000002,0.72,17.051006317138672
FD001,transformer,4,timeliness,4,0.7692307829856873,20.633037567138672,1373.99951171875,0.18,0.71,17.051006317138672
FD001,transformer,4,timeliness,5,1.0,25.561176300048828,4932.48193359375,0.18600000000000003,0.64,17.051006317138672
FD001,transformer,4,consistency,0,0.0,17.051006317138672,646.4012451171875,0.06000000000000001,0.85,17.051006317138672
FD001,transformer,4,consistency,1,0.052941203117370605,17.29677963256836,582.0810546875,0.06899999999999999,0.74,17.051006317138672
FD001,transformer,4,consistency,2,0.17205888032913208,23.19518280029297,1166.6707763671875,0.259,0.53,17.051006317138672
FD001,transformer,4,consistency,3,0.2911764979362488,18.716060638427734,632.0656127929688,0.146,0.64,17.051006317138672
FD001,transformer,4,consistency,4,0.4102941155433655,36.02953338623047,4868.916015625,0.37,0.32,17.051006317138672
FD001,transformer,4,consistency,5,0.529411792755127,25.862436294555664,1473.0738525390625,0.299,0.36,17.051006317138672
FD001,transformer,4,drift,0,0.0,17.051006317138672,646.4012451171875,0.06000000000000001,0.85,17.051006317138672
FD001,transformer,4,drift,1,0.10000008344650269,17.0985107421875,540.3989868164062,0.02699999999999999,0.84,17.051006317138672
FD001,transformer,4,drift,2,0.3250000476837158,19.238494873046875,638.49658203125,0.14399999999999996,0.77,17.051006317138672
FD001,transformer,4,drift,3,0.5500000417232513,22.901775360107422,1039.5238037109375,0.253,0.66,17.051006317138672
FD001,transformer,4,drift,4,0.7750000208616257,27.656696319580078,1658.3275146484375,0.34199999999999997,0.49,17.051006317138672
FD001,transformer,4,drift,5,1.0,32.811180114746094,2606.66015625,0.40199999999999997,0.28,17.051006317138672
FD001,pinn,0,accuracy,0,0.0,14.432321548461914,364.9969482421875,0.04799999999999997,0.81,14.432321548461914
FD001,pinn,0,accuracy,1,0.050000011920928955,14.364686965942383,370.60211181640625,0.05399999999999998,0.81,14.432321548461914
FD001,pinn,0,accuracy,2,0.18750005960464478,14.197464942932129,308.3320617675781,0.04699999999999999,0.8,14.432321548461914
FD001,pinn,0,accuracy,3,0.3250000476837158,15.108062744140625,403.04718017578125,0.04299999999999997,0.84,14.432321548461914
FD001,pinn,0,accuracy,4,0.46250003576278687,15.386490821838379,380.0395812988281,0.04199999999999997,0.77,14.432321548461914
FD001,pinn,0,accuracy,5,0.6000000238418579,18.119169235229492,512.3668823242188,0.04699999999999997,0.82,14.432321548461914
FD001,pinn,0,accuracy_bias,0,0.0,14.432321548461914,364.9969482421875,0.04799999999999997,0.81,14.432321548461914
FD001,pinn,0,accuracy_bias,1,0.050000011920928955,14.498639106750488,414.98370361328125,0.04899999999999999,0.79,14.432321548461914
FD001,pinn,0,accuracy_bias,2,0.18750005960464478,16.15047264099121,424.56781005859375,0.05299999999999998,0.73,14.432321548461914
FD001,pinn,0,accuracy_bias,3,0.3250000476837158,21.797550201416016,820.8419799804688,0.177,0.61,14.432321548461914
FD001,pinn,0,accuracy_bias,4,0.46250003576278687,26.165258407592773,1188.011474609375,0.24899999999999997,0.4,14.432321548461914
FD001,pinn,0,accuracy_bias,5,0.6000000238418579,30.960012435913086,1910.0931396484375,0.268,0.25,14.432321548461914
FD001,pinn,0,completeness_MCAR,0,0.0,14.432321548461914,364.9969482421875,0.04799999999999997,0.81,14.432321548461914
FD001,pinn,0,completeness_MCAR,1,0.0503922700881958,14.742356300354004,386.6423034667969,0.039999999999999994,0.87,14.432321548461914
FD001,pinn,0,completeness_MCAR,2,0.162725567817688,15.049219131469727,492.5958557128906,0.04,0.86,14.432321548461914
FD001,pinn,0,completeness_MCAR,3,0.276039183139801,15.16739559173584,451.5427551269531,0.04399999999999999,0.82,14.432321548461914
FD001,pinn,0,completeness_MCAR,4,0.388568639755249,15.960869789123535,555.611083984375,0.04299999999999999,0.8,14.432321548461914
FD001,pinn,0,completeness_MCAR,5,0.499666690826416,18.953962326049805,660.1346435546875,0.03599999999999999,0.72,14.432321548461914
FD001,pinn,0,completeness_MAR,0,0.0,14.432321548461914,364.9969482421875,0.04799999999999997,0.81,14.432321548461914
FD001,pinn,0,completeness_MAR,1,0.05029416084289551,13.868783950805664,330.23077392578125,0.04299999999999998,0.82,14.432321548461914
FD001,pinn,0,completeness_MAR,2,0.16266673803329468,15.898700714111328,542.0147705078125,0.03899999999999999,0.8,14.432321548461914
FD001,pinn,0,completeness_MAR,3,0.27568626403808594,15.644315719604492,552.2196044921875,0.033,0.84,14.432321548461914
FD001,pinn,0,completeness_MAR,4,0.3881961703300476,17.643840789794922,634.7039184570312,0.04099999999999997,0.78,14.432321548461914
FD001,pinn,0,completeness_MAR,5,0.5003921985626221,19.144161224365234,810.2659301757812,0.04699999999999997,0.73,14.432321548461914
FD001,pinn,0,completeness_MNAR,0,0.0,14.432321548461914,364.9969482421875,0.04799999999999997,0.81,14.432321548461914
FD001,pinn,0,completeness_MNAR,1,0.05043137073516846,14.882221221923828,410.2646789550781,0.05299999999999999,0.84,14.432321548461914
FD001,pinn,0,completeness_MNAR,2,0.16396087408065796,15.871438026428223,438.7931213378906,0.03999999999999999,0.84,14.432321548461914
FD001,pinn,0,completeness_MNAR,3,0.27611762285232544,16.698564529418945,697.0286865234375,0.05400000000000001,0.79,14.432321548461914
FD001,pinn,0,completeness_MNAR,4,0.38972556591033936,21.543081283569336,1196.2314453125,0.03399999999999998,0.73,14.432321548461914
FD001,pinn,0,completeness_MNAR,5,0.5028039813041687,32.28050231933594,4333.52001953125,0.10499999999999998,0.55,14.432321548461914
FD001,pinn,0,timeliness,0,0.0,14.432321548461914,364.9969482421875,0.04799999999999997,0.81,14.432321548461914
FD001,pinn,0,timeliness,1,0.15384620428085327,15.080097198486328,437.3396911621094,0.046,0.82,14.432321548461914
FD001,pinn,0,timeliness,2,0.38461536169052124,17.436372756958008,694.2435913085938,0.09500000000000001,0.76,14.432321548461914
FD001,pinn,0,timeliness,3,0.5384615659713745,19.646595001220703,953.2608032226562,0.085,0.65,14.432321548461914
FD001,pinn,0,timeliness,4,0.7692307829856873,20.892789840698242,1632.0115966796875,0.14100000000000001,0.67,14.432321548461914
FD001,pinn,0,timeliness,5,1.0,24.292705535888672,2047.942626953125,0.13799999999999998,0.63,14.432321548461914
FD001,pinn,0,consistency,0,0.0,14.432321548461914,364.9969482421875,0.04799999999999997,0.81,14.432321548461914
FD001,pinn,0,consistency,1,0.052941203117370605,14.517463684082031,474.1953430175781,0.055999999999999994,0.85,14.432321548461914
FD001,pinn,0,consistency,2,0.17205888032913208,17.7628116607666,565.9797973632812,0.211,0.59,14.432321548461914
FD001,pinn,0,consistency,3,0.2911764979362488,17.91872787475586,729.9848022460938,0.06000000000000001,0.65,14.432321548461914
FD001,pinn,0,consistency,4,0.4102941155433655,17.24970817565918,562.960693359375,0.16899999999999998,0.7,14.432321548461914
FD001,pinn,0,consistency,5,0.529411792755127,23.084014892578125,779.1611328125,0.19299999999999998,0.37,14.432321548461914
FD001,pinn,0,drift,0,0.0,14.432321548461914,364.9969482421875,0.04799999999999997,0.81,14.432321548461914
FD001,pinn,0,drift,1,0.10000008344650269,14.424487113952637,375.553955078125,0.056999999999999995,0.79,14.432321548461914
FD001,pinn,0,drift,2,0.3250000476837158,17.005992889404297,458.1663513183594,0.16899999999999998,0.7,14.432321548461914
FD001,pinn,0,drift,3,0.5500000417232513,25.20924949645996,1085.279541015625,0.371,0.31,14.432321548461914
FD001,pinn,0,drift,4,0.7750000208616257,34.55385971069336,2709.207275390625,0.45299999999999996,0.1,14.432321548461914
FD001,pinn,0,drift,5,1.0,42.23954772949219,5545.48193359375,0.475,0.05,14.432321548461914
FD001,pinn,1,accuracy,0,0.0,14.0574369430542,358.2310485839844,0.061,0.86,14.0574369430542
FD001,pinn,1,accuracy,1,0.050000011920928955,14.163116455078125,375.248046875,0.059,0.86,14.0574369430542
FD001,pinn,1,accuracy,2,0.18750005960464478,14.223396301269531,334.9212951660156,0.058999999999999976,0.85,14.0574369430542
FD001,pinn,1,accuracy,3,0.3250000476837158,15.292232513427734,400.661376953125,0.07599999999999998,0.82,14.0574369430542
FD001,pinn,1,accuracy,4,0.46250003576278687,15.112957954406738,334.6806335449219,0.049999999999999975,0.8,14.0574369430542
FD001,pinn,1,accuracy,5,0.6000000238418579,16.817453384399414,395.3247375488281,0.044,0.77,14.0574369430542
FD001,pinn,1,accuracy_bias,0,0.0,14.0574369430542,358.2310485839844,0.061,0.86,14.0574369430542
FD001,pinn,1,accuracy_bias,1,0.050000011920928955,14.409238815307617,391.1539001464844,0.06399999999999999,0.85,14.0574369430542
FD001,pinn,1,accuracy_bias,2,0.18750005960464478,16.156814575195312,538.9854736328125,0.048999999999999974,0.85,14.0574369430542
FD001,pinn,1,accuracy_bias,3,0.3250000476837158,17.250808715820312,586.3466796875,0.037000000000000005,0.8,14.0574369430542
FD001,pinn,1,accuracy_bias,4,0.46250003576278687,16.463302612304688,392.2941589355469,0.04599999999999997,0.75,14.0574369430542
FD001,pinn,1,accuracy_bias,5,0.6000000238418579,21.637113571166992,692.0772094726562,0.09899999999999998,0.57,14.0574369430542
FD001,pinn,1,completeness_MCAR,0,0.0,14.0574369430542,358.2310485839844,0.061,0.86,14.0574369430542
FD001,pinn,1,completeness_MCAR,1,0.0503922700881958,14.212140083312988,368.2624206542969,0.06399999999999999,0.83,14.0574369430542
FD001,pinn,1,completeness_MCAR,2,0.162725567817688,14.901640892028809,442.32928466796875,0.063,0.87,14.0574369430542
FD001,pinn,1,completeness_MCAR,3,0.276039183139801,14.82214641571045,377.33831787109375,0.05199999999999999,0.81,14.0574369430542
FD001,pinn,1,completeness_MCAR,4,0.388568639755249,16.167171478271484,468.3345642089844,0.05099999999999999,0.81,14.0574369430542
FD001,pinn,1,completeness_MCAR,5,0.499666690826416,17.640560150146484,504.9068298339844,0.05299999999999998,0.75,14.0574369430542
FD001,pinn,1,completeness_MAR,0,0.0,14.0574369430542,358.2310485839844,0.061,0.86,14.0574369430542
FD001,pinn,1,completeness_MAR,1,0.05029416084289551,13.543768882751465,313.8829040527344,0.05499999999999997,0.86,14.0574369430542
FD001,pinn,1,completeness_MAR,2,0.16266673803329468,15.899687767028809,539.0103149414062,0.059,0.81,14.0574369430542
FD001,pinn,1,completeness_MAR,3,0.27568626403808594,15.21521282196045,418.9880676269531,0.053000000000000005,0.84,14.0574369430542
FD001,pinn,1,completeness_MAR,4,0.3881961703300476,17.20006561279297,573.5638427734375,0.06000000000000001,0.77,14.0574369430542
FD001,pinn,1,completeness_MAR,5,0.5003921985626221,18.85735321044922,718.3157348632812,0.043999999999999984,0.72,14.0574369430542
FD001,pinn,1,completeness_MNAR,0,0.0,14.0574369430542,358.2310485839844,0.061,0.86,14.0574369430542
FD001,pinn,1,completeness_MNAR,1,0.05043137073516846,14.277244567871094,370.78472900390625,0.06,0.85,14.0574369430542
FD001,pinn,1,completeness_MNAR,2,0.16396087408065796,14.52914047241211,370.5190734863281,0.077,0.87,14.0574369430542
FD001,pinn,1,completeness_MNAR,3,0.27611762285232544,17.251829147338867,971.5311889648438,0.07000000000000002,0.82,14.0574369430542
FD001,pinn,1,completeness_MNAR,4,0.38972556591033936,18.04322052001953,606.415771484375,0.046000000000000006,0.79,14.0574369430542
FD001,pinn,1,completeness_MNAR,5,0.5028039813041687,26.36747169494629,4588.1904296875,0.12800000000000003,0.63,14.0574369430542
FD001,pinn,1,timeliness,0,0.0,14.0574369430542,358.2310485839844,0.061,0.86,14.0574369430542
FD001,pinn,1,timeliness,1,0.15384620428085327,14.472188949584961,431.06878662109375,0.065,0.83,14.0574369430542
FD001,pinn,1,timeliness,2,0.38461536169052124,18.17786407470703,763.814208984375,0.10800000000000003,0.74,14.0574369430542
FD001,pinn,1,timeliness,3,0.5384615659713745,19.747121810913086,995.8536376953125,0.08199999999999999,0.7,14.0574369430542
FD001,pinn,1,timeliness,4,0.7692307829856873,22.698932647705078,1867.4609375,0.12300000000000003,0.67,14.0574369430542
FD001,pinn,1,timeliness,5,1.0,23.68247413635254,1615.7330322265625,0.12600000000000003,0.62,14.0574369430542
FD001,pinn,1,consistency,0,0.0,14.0574369430542,358.2310485839844,0.061,0.86,14.0574369430542
FD001,pinn,1,consistency,1,0.052941203117370605,14.338150978088379,400.27197265625,0.06799999999999999,0.85,14.0574369430542
FD001,pinn,1,consistency,2,0.17205888032913208,16.433040618896484,493.67034912109375,0.18299999999999997,0.65,14.0574369430542
FD001,pinn,1,consistency,3,0.2911764979362488,15.874602317810059,558.8566284179688,0.069,0.84,14.0574369430542
FD001,pinn,1,consistency,4,0.4102941155433655,19.34187889099121,815.5454711914062,0.14999999999999997,0.72,14.0574369430542
FD001,pinn,1,consistency,5,0.529411792755127,15.688523292541504,550.8526000976562,0.056999999999999995,0.83,14.0574369430542
FD001,pinn,1,drift,0,0.0,14.0574369430542,358.2310485839844,0.061,0.86,14.0574369430542
FD001,pinn,1,drift,1,0.10000008344650269,14.696533203125,382.3160400390625,0.058999999999999976,0.86,14.0574369430542
FD001,pinn,1,drift,2,0.3250000476837158,17.627174377441406,527.1124267578125,0.119,0.8,14.0574369430542
FD001,pinn,1,drift,3,0.5500000417232513,25.892683029174805,1379.6414794921875,0.273,0.62,14.0574369430542
FD001,pinn,1,drift,4,0.7750000208616257,35.6531982421875,3235.283447265625,0.40099999999999997,0.28,14.0574369430542
FD001,pinn,1,drift,5,1.0,42.636844635009766,6039.53662109375,0.433,0.11,14.0574369430542
FD001,pinn,2,accuracy,0,0.0,13.614917755126953,326.1422119140625,0.05499999999999998,0.85,13.614917755126953
FD001,pinn,2,accuracy,1,0.050000011920928955,13.543319702148438,322.3011169433594,0.05199999999999999,0.85,13.614917755126953
FD001,pinn,2,accuracy,2,0.18750005960464478,14.104007720947266,338.01153564453125,0.034999999999999996,0.84,13.614917755126953
FD001,pinn,2,accuracy,3,0.3250000476837158,14.946871757507324,328.4048156738281,0.028999999999999988,0.87,13.614917755126953
FD001,pinn,2,accuracy,4,0.46250003576278687,16.319448471069336,365.166259765625,0.03299999999999998,0.8,13.614917755126953
FD001,pinn,2,accuracy,5,0.6000000238418579,20.9941463470459,750.4640502929688,0.08299999999999999,0.73,13.614917755126953
FD001,pinn,2,accuracy_bias,0,0.0,13.614917755126953,326.1422119140625,0.05499999999999998,0.85,13.614917755126953
FD001,pinn,2,accuracy_bias,1,0.050000011920928955,13.406233787536621,324.5522155761719,0.05799999999999998,0.85,13.614917755126953
FD001,pinn,2,accuracy_bias,2,0.18750005960464478,13.3359375,284.5265197753906,0.04399999999999999,0.8,13.614917755126953
FD001,pinn,2,accuracy_bias,3,0.3250000476837158,17.54612922668457,510.61529541015625,0.07799999999999999,0.67,13.614917755126953
FD001,pinn,2,accuracy_bias,4,0.46250003576278687,21.031431198120117,632.6085815429688,0.18199999999999994,0.38,13.614917755126953
FD001,pinn,2,accuracy_bias,5,0.6000000238418579,25.77326774597168,988.35009765625,0.21799999999999997,0.2,13.614917755126953
FD001,pinn,2,completeness_MCAR,0,0.0,13.614917755126953,326.1422119140625,0.05499999999999998,0.85,13.614917755126953
FD001,pinn,2,completeness_MCAR,1,0.0503922700881958,13.079984664916992,308.7850036621094,0.05700000000000001,0.86,13.614917755126953
FD001,pinn,2,completeness_MCAR,2,0.162725567817688,14.519740104675293,447.7541198730469,0.05200000000000001,0.86,13.614917755126953
FD001,pinn,2,completeness_MCAR,3,0.276039183139801,14.741002082824707,387.40338134765625,0.040999999999999995,0.82,13.614917755126953
FD001,pinn,2,completeness_MCAR,4,0.388568639755249,16.271615982055664,467.06011962890625,0.037999999999999964,0.8,13.614917755126953
FD001,pinn,2,completeness_MCAR,5,0.499666690826416,17.348453521728516,498.93231201171875,0.038999999999999986,0.8,13.614917755126953
FD001,pinn,2,completeness_MAR,0,0.0,13.614917755126953,326.1422119140625,0.05499999999999998,0.85,13.614917755126953
FD001,pinn,2,completeness_MAR,1,0.05029416084289551,13.582818984985352,329.1477355957031,0.04899999999999998,0.87,13.614917755126953
FD001,pinn,2,completeness_MAR,2,0.16266673803329468,14.867762565612793,437.2481994628906,0.045,0.85,13.614917755126953
FD001,pinn,2,completeness_MAR,3,0.27568626403808594,15.96164608001709,483.67138671875,0.032,0.86,13.614917755126953
FD001,pinn,2,completeness_MAR,4,0.3881961703300476,14.681517601013184,331.1567077636719,0.03200000000000001,0.83,13.614917755126953
FD001,pinn,2,completeness_MAR,5,0.5003921985626221,17.421815872192383,463.1112365722656,0.03899999999999998,0.71,13.614917755126953
FD001,pinn,2,completeness_MNAR,0,0.0,13.614917755126953,326.1422119140625,0.05499999999999998,0.85,13.614917755126953
FD001,pinn,2,completeness_MNAR,1,0.05043137073516846,14.08358097076416,343.5133056640625,0.048,0.87,13.614917755126953
FD001,pinn,2,completeness_MNAR,2,0.16396087408065796,15.159337043762207,449.3736572265625,0.043,0.84,13.614917755126953
FD001,pinn,2,completeness_MNAR,3,0.27611762285232544,15.910858154296875,452.87103271484375,0.05700000000000001,0.82,13.614917755126953
FD001,pinn,2,completeness_MNAR,4,0.38972556591033936,19.301189422607422,969.6478271484375,0.05800000000000001,0.84,13.614917755126953
FD001,pinn,2,completeness_MNAR,5,0.5028039813041687,27.016895294189453,6244.13671875,0.127,0.67,13.614917755126953
FD001,pinn,2,timeliness,0,0.0,13.614917755126953,326.1422119140625,0.05499999999999998,0.85,13.614917755126953
FD001,pinn,2,timeliness,1,0.15384620428085327,14.047917366027832,376.25775146484375,0.057000000000000016,0.83,13.614917755126953
FD001,pinn,2,timeliness,2,0.38461536169052124,16.772371292114258,624.8201293945312,0.10600000000000002,0.83,13.614917755126953
FD001,pinn,2,timeliness,3,0.5384615659713745,19.7800235748291,855.625,0.076,0.71,13.614917755126953
FD001,pinn,2,timeliness,4,0.7692307829856873,21.758060455322266,1538.711669921875,0.11900000000000004,0.68,13.614917755126953
FD001,pinn,2,timeliness,5,1.0,22.162975311279297,1360.100341796875,0.11800000000000004,0.7,13.614917755126953
FD001,pinn,2,consistency,0,0.0,13.614917755126953,326.1422119140625,0.05499999999999998,0.85,13.614917755126953
FD001,pinn,2,consistency,1,0.052941203117370605,13.472491264343262,330.54498291015625,0.05199999999999999,0.86,13.614917755126953
FD001,pinn,2,consistency,2,0.17205888032913208,17.94963836669922,460.06298828125,0.248,0.61,13.614917755126953
FD001,pinn,2,consistency,3,0.2911764979362488,14.36523723602295,388.7275390625,0.09500000000000003,0.78,13.614917755126953
FD001,pinn,2,consistency,4,0.4102941155433655,17.08160972595215,436.06512451171875,0.18799999999999997,0.69,13.614917755126953
FD001,pinn,2,consistency,5,0.529411792755127,19.73390007019043,647.0116577148438,0.12899999999999998,0.59,13.614917755126953
FD001,pinn,2,drift,0,0.0,13.614917755126953,326.1422119140625,0.05499999999999998,0.85,13.614917755126953
FD001,pinn,2,drift,1,0.10000008344650269,13.899950981140137,334.6622619628906,0.05399999999999997,0.85,13.614917755126953
FD001,pinn,2,drift,2,0.3250000476837158,16.48326873779297,454.538818359375,0.14099999999999996,0.79,13.614917755126953
FD001,pinn,2,drift,3,0.5500000417232513,27.412147521972656,1577.98193359375,0.347,0.49,13.614917755126953
FD001,pinn,2,drift,4,0.7750000208616257,39.58728790283203,4856.44921875,0.4619999999999999,0.14,13.614917755126953
FD001,pinn,2,drift,5,1.0,48.576438903808594,10564.29296875,0.47800000000000004,0.08,13.614917755126953
FD001,pinn,3,accuracy,0,0.0,14.35369873046875,280.4351501464844,0.05799999999999998,0.85,14.35369873046875
FD001,pinn,3,accuracy,1,0.050000011920928955,14.687682151794434,296.31109619140625,0.055999999999999994,0.85,14.35369873046875
FD001,pinn,3,accuracy,2,0.18750005960464478,15.519163131713867,335.00341796875,0.05199999999999999,0.85,14.35369873046875
FD001,pinn,3,accuracy,3,0.3250000476837158,17.799074172973633,455.30499267578125,0.06499999999999997,0.82,14.35369873046875
FD001,pinn,3,accuracy,4,0.46250003576278687,19.58857536315918,551.0939331054688,0.10399999999999998,0.78,14.35369873046875
FD001,pinn,3,accuracy,5,0.6000000238418579,24.206281661987305,963.7899780273438,0.14799999999999996,0.71,14.35369873046875
FD001,pinn,3,accuracy_bias,0,0.0,14.35369873046875,280.4351501464844,0.05799999999999998,0.85,14.35369873046875
FD001,pinn,3,accuracy_bias,1,0.050000011920928955,14.479809761047363,291.6636657714844,0.061999999999999986,0.87,14.35369873046875
FD001,pinn,3,accuracy_bias,2,0.18750005960464478,17.38188362121582,486.7680969238281,0.08499999999999999,0.81,14.35369873046875
FD001,pinn,3,accuracy_bias,3,0.3250000476837158,24.17881202697754,1059.178466796875,0.182,0.69,14.35369873046875
FD001,pinn,3,accuracy_bias,4,0.46250003576278687,32.185791015625,2788.7724609375,0.24899999999999994,0.48,14.35369873046875
FD001,pinn,3,accuracy_bias,5,0.6000000238418579,36.67831802368164,3775.402587890625,0.25699999999999995,0.33,14.35369873046875
FD001,pinn,3,completeness_MCAR,0,0.0,14.35369873046875,280.4351501464844,0.05799999999999998,0.85,14.35369873046875
FD001,pinn,3,completeness_MCAR,1,0.0503922700881958,14.601004600524902,316.7170104980469,0.06499999999999997,0.85,14.35369873046875
FD001,pinn,3,completeness_MCAR,2,0.162725567817688,14.928345680236816,459.3612976074219,0.06699999999999999,0.86,14.35369873046875
FD001,pinn,3,completeness_MCAR,3,0.276039183139801,15.24907112121582,392.7194519042969,0.055999999999999994,0.85,14.35369873046875
FD001,pinn,3,completeness_MCAR,4,0.388568639755249,16.340770721435547,427.59808349609375,0.046999999999999986,0.84,14.35369873046875
FD001,pinn,3,completeness_MCAR,5,0.499666690826416,15.384438514709473,366.753662109375,0.05699999999999998,0.82,14.35369873046875
FD001,pinn,3,completeness_MAR,0,0.0,14.35369873046875,280.4351501464844,0.05799999999999998,0.85,14.35369873046875
FD001,pinn,3,completeness_MAR,1,0.05029416084289551,14.074738502502441,274.60723876953125,0.05199999999999997,0.89,14.35369873046875
FD001,pinn,3,completeness_MAR,2,0.16266673803329468,14.354546546936035,309.5446472167969,0.049,0.88,14.35369873046875
FD001,pinn,3,completeness_MAR,3,0.27568626403808594,16.078903198242188,537.9843139648438,0.05199999999999999,0.86,14.35369873046875
FD001,pinn,3,completeness_MAR,4,0.3881961703300476,16.132356643676758,417.0140075683594,0.040999999999999995,0.83,14.35369873046875
FD001,pinn,3,completeness_MAR,5,0.5003921985626221,17.945663452148438,668.84326171875,0.027000000000000003,0.81,14.35369873046875
FD001,pinn,3,completeness_MNAR,0,0.0,14.35369873046875,280.4351501464844,0.05799999999999998,0.85,14.35369873046875
FD001,pinn,3,completeness_MNAR,1,0.05043137073516846,14.527609825134277,299.93212890625,0.06299999999999999,0.86,14.35369873046875
FD001,pinn,3,completeness_MNAR,2,0.16396087408065796,15.531153678894043,373.5401306152344,0.053000000000000005,0.83,14.35369873046875
FD001,pinn,3,completeness_MNAR,3,0.27611762285232544,16.318519592285156,556.5552978515625,0.063,0.85,14.35369873046875
FD001,pinn,3,completeness_MNAR,4,0.38972556591033936,21.007959365844727,1144.263671875,0.04099999999999999,0.82,14.35369873046875
FD001,pinn,3,completeness_MNAR,5,0.5028039813041687,32.331626892089844,6147.3828125,0.08600000000000001,0.67,14.35369873046875
FD001,pinn,3,timeliness,0,0.0,14.35369873046875,280.4351501464844,0.05799999999999998,0.85,14.35369873046875
FD001,pinn,3,timeliness,1,0.15384620428085327,14.896388053894043,328.1577453613281,0.05499999999999999,0.86,14.35369873046875
FD001,pinn,3,timeliness,2,0.38461536169052124,16.683937072753906,454.55120849609375,0.07700000000000003,0.8,14.35369873046875
FD001,pinn,3,timeliness,3,0.5384615659713745,18.308610916137695,786.4238891601562,0.08500000000000002,0.71,14.35369873046875
FD001,pinn,3,timeliness,4,0.7692307829856873,20.66622543334961,1213.287353515625,0.12600000000000003,0.7,14.35369873046875
FD001,pinn,3,timeliness,5,1.0,23.4894962310791,1572.70263671875,0.12799999999999997,0.66,14.35369873046875
FD001,pinn,3,consistency,0,0.0,14.35369873046875,280.4351501464844,0.05799999999999998,0.85,14.35369873046875
FD001,pinn,3,consistency,1,0.052941203117370605,14.992022514343262,367.38812255859375,0.08799999999999998,0.82,14.35369873046875
FD001,pinn,3,consistency,2,0.17205888032913208,21.89890480041504,803.6047973632812,0.24999999999999994,0.59,14.35369873046875
FD001,pinn,3,consistency,3,0.2911764979362488,18.456552505493164,821.3128662109375,0.06699999999999998,0.74,14.35369873046875
FD001,pinn,3,consistency,4,0.4102941155433655,25.833602905273438,1692.6888427734375,0.25599999999999995,0.55,14.35369873046875
FD001,pinn,3,consistency,5,0.529411792755127,26.402549743652344,1592.8970947265625,0.265,0.54,14.35369873046875
FD001,pinn,3,drift,0,0.0,14.35369873046875,280.4351501464844,0.05799999999999998,0.85,14.35369873046875
FD001,pinn,3,drift,1,0.10000008344650269,15.155233383178711,315.587646484375,0.07899999999999999,0.84,14.35369873046875
FD001,pinn,3,drift,2,0.3250000476837158,20.58902359008789,663.7908325195312,0.21600000000000003,0.76,14.35369873046875
FD001,pinn,3,drift,3,0.5500000417232513,31.502758026123047,2007.0841064453125,0.38899999999999996,0.39,14.35369873046875
FD001,pinn,3,drift,4,0.7750000208616257,40.44498062133789,4631.2314453125,0.46699999999999997,0.09,14.35369873046875
FD001,pinn,3,drift,5,1.0,45.96284866333008,7892.837890625,0.477,0.04,14.35369873046875
FD001,pinn,4,accuracy,0,0.0,14.01439380645752,297.3122253417969,0.06299999999999999,0.84,14.01439380645752
FD001,pinn,4,accuracy,1,0.050000011920928955,14.090157508850098,304.41229248046875,0.05499999999999999,0.84,14.01439380645752
FD001,pinn,4,accuracy,2,0.18750005960464478,13.411197662353516,269.5190124511719,0.05099999999999999,0.81,14.01439380645752
FD001,pinn,4,accuracy,3,0.3250000476837158,14.914128303527832,378.7218017578125,0.05299999999999999,0.81,14.01439380645752
FD001,pinn,4,accuracy,4,0.46250003576278687,15.858580589294434,387.789794921875,0.045,0.81,14.01439380645752
FD001,pinn,4,accuracy,5,0.6000000238418579,20.33631706237793,758.8440551757812,0.07399999999999998,0.69,14.01439380645752
FD001,pinn,4,accuracy_bias,0,0.0,14.01439380645752,297.3122253417969,0.06299999999999999,0.84,14.01439380645752
FD001,pinn,4,accuracy_bias,1,0.050000011920928955,14.339807510375977,323.12774658203125,0.064,0.86,14.01439380645752
FD001,pinn,4,accuracy_bias,2,0.18750005960464478,16.198148727416992,494.85040283203125,0.06699999999999998,0.8,14.01439380645752
FD001,pinn,4,accuracy_bias,3,0.3250000476837158,18.719131469726562,700.4293212890625,0.12399999999999997,0.7,14.01439380645752
FD001,pinn,4,accuracy_bias,4,0.46250003576278687,21.849851608276367,1211.9986572265625,0.19,0.6,14.01439380645752
FD001,pinn,4,accuracy_bias,5,0.6000000238418579,25.831945419311523,1683.3184814453125,0.20800000000000002,0.48,14.01439380645752
FD001,pinn,4,completeness_MCAR,0,0.0,14.01439380645752,297.3122253417969,0.06299999999999999,0.84,14.01439380645752
FD001,pinn,4,completeness_MCAR,1,0.0503922700881958,14.69539737701416,345.0056457519531,0.062,0.84,14.01439380645752
FD001,pinn,4,completeness_MCAR,2,0.162725567817688,15.192451477050781,362.8945617675781,0.05199999999999998,0.85,14.01439380645752
FD001,pinn,4,completeness_MCAR,3,0.276039183139801,14.582232475280762,370.4862365722656,0.062,0.86,14.01439380645752
FD001,pinn,4,completeness_MCAR,4,0.388568639755249,16.062726974487305,508.5721130371094,0.05299999999999998,0.83,14.01439380645752
FD001,pinn,4,completeness_MCAR,5,0.499666690826416,16.415433883666992,432.2181091308594,0.034,0.79,14.01439380645752
FD001,pinn,4,completeness_MAR,0,0.0,14.01439380645752,297.3122253417969,0.06299999999999999,0.84,14.01439380645752
FD001,pinn,4,completeness_MAR,1,0.05029416084289551,14.059174537658691,305.73236083984375,0.05499999999999999,0.85,14.01439380645752
FD001,pinn,4,completeness_MAR,2,0.16266673803329468,14.360908508300781,418.1534118652344,0.06,0.82,14.01439380645752
FD001,pinn,4,completeness_MAR,3,0.27568626403808594,15.756265640258789,525.6900024414062,0.05299999999999999,0.82,14.01439380645752
FD001,pinn,4,completeness_MAR,4,0.3881961703300476,15.806175231933594,566.6965942382812,0.046000000000000006,0.8,14.01439380645752
FD001,pinn,4,completeness_MAR,5,0.5003921985626221,17.469810485839844,666.4296264648438,0.048999999999999995,0.77,14.01439380645752
FD001,pinn,4,completeness_MNAR,0,0.0,14.01439380645752,297.3122253417969,0.06299999999999999,0.84,14.01439380645752
FD001,pinn,4,completeness_MNAR,1,0.05043137073516846,14.099494934082031,297.5187072753906,0.07100000000000001,0.82,14.01439380645752
FD001,pinn,4,completeness_MNAR,2,0.16396087408065796,14.523755073547363,330.5833740234375,0.05499999999999998,0.85,14.01439380645752
FD001,pinn,4,completeness_MNAR,3,0.27611762285232544,15.193876266479492,350.872802734375,0.053000000000000005,0.81,14.01439380645752
FD001,pinn,4,completeness_MNAR,4,0.38972556591033936,18.761737823486328,575.2324829101562,0.04999999999999998,0.73,14.01439380645752
FD001,pinn,4,completeness_MNAR,5,0.5028039813041687,27.248062133789062,3065.551513671875,0.06900000000000002,0.66,14.01439380645752
FD001,pinn,4,timeliness,0,0.0,14.01439380645752,297.3122253417969,0.06299999999999999,0.84,14.01439380645752
FD001,pinn,4,timeliness,1,0.15384620428085327,14.015814781188965,305.1520080566406,0.06299999999999997,0.81,14.01439380645752
FD001,pinn,4,timeliness,2,0.38461536169052124,17.16267204284668,620.4182739257812,0.09100000000000001,0.77,14.01439380645752
FD001,pinn,4,timeliness,3,0.5384615659713745,18.08370018005371,742.7454223632812,0.09100000000000001,0.68,14.01439380645752
FD001,pinn,4,timeliness,4,0.7692307829856873,20.739974975585938,1292.0802001953125,0.14500000000000002,0.64,14.01439380645752
FD001,pinn,4,timeliness,5,1.0,23.78408432006836,1404.35546875,0.13999999999999999,0.61,14.01439380645752
FD001,pinn,4,consistency,0,0.0,14.01439380645752,297.3122253417969,0.06299999999999999,0.84,14.01439380645752
FD001,pinn,4,consistency,1,0.052941203117370605,14.476293563842773,342.6991882324219,0.08199999999999999,0.81,14.01439380645752
FD001,pinn,4,consistency,2,0.17205888032913208,18.29569435119629,659.90185546875,0.2,0.59,14.01439380645752
FD001,pinn,4,consistency,3,0.2911764979362488,17.31355857849121,851.7168579101562,0.058999999999999976,0.72,14.01439380645752
FD001,pinn,4,consistency,4,0.4102941155433655,21.57334327697754,1012.6716918945312,0.175,0.7,14.01439380645752
FD001,pinn,4,consistency,5,0.529411792755127,22.70660972595215,1452.8236083984375,0.25199999999999995,0.44,14.01439380645752
FD001,pinn,4,drift,0,0.0,14.01439380645752,297.3122253417969,0.06299999999999999,0.84,14.01439380645752
FD001,pinn,4,drift,1,0.10000008344650269,14.302773475646973,314.1806640625,0.07099999999999998,0.85,14.01439380645752
FD001,pinn,4,drift,2,0.3250000476837158,17.54621696472168,544.5608520507812,0.19,0.69,14.01439380645752
FD001,pinn,4,drift,3,0.5500000417232513,24.84266471862793,1513.2352294921875,0.312,0.49,14.01439380645752
FD001,pinn,4,drift,4,0.7750000208616257,33.34611129760742,3842.004638671875,0.37899999999999995,0.33,14.01439380645752
FD001,pinn,4,drift,5,1.0,40.74500274658203,8459.501953125,0.42799999999999994,0.21,14.01439380645752
FD004,lstm,0,accuracy,0,0.0,15.115614891052246,1612.9287109375,0.1403225806451613,0.9879032258064516,15.115614891052246
FD004,lstm,0,accuracy,1,0.05000007152557373,15.145108222961426,1661.085693359375,0.14233870967741935,0.9879032258064516,15.115614891052246
FD004,lstm,0,accuracy,2,0.1875,16.267288208007812,2216.242919921875,0.1306451612903226,0.9838709677419355,15.115614891052246
FD004,lstm,0,accuracy,3,0.32499992847442627,16.17530632019043,1761.6480712890625,0.12903225806451615,0.9798387096774194,15.115614891052246
FD004,lstm,0,accuracy,4,0.4624999761581421,17.76655387878418,2550.81298828125,0.1254032258064516,0.9919354838709677,15.115614891052246
FD004,lstm,0,accuracy,5,0.5999999642372131,18.569530487060547,1982.15625,0.10806451612903226,0.9758064516129032,15.115614891052246
FD004,lstm,0,accuracy_bias,0,0.0,15.115614891052246,1612.9287109375,0.1403225806451613,0.9879032258064516,15.115614891052246
FD004,lstm,0,accuracy_bias,1,0.05000007152557373,15.124760627746582,1628.412109375,0.14193548387096774,0.9879032258064516,15.115614891052246
FD004,lstm,0,accuracy_bias,2,0.1875,16.89322280883789,2188.690185546875,0.12258064516129034,0.9717741935483871,15.115614891052246
FD004,lstm,0,accuracy_bias,3,0.32499992847442627,17.85384750366211,2298.763671875,0.10572580645161289,0.9395161290322581,15.115614891052246
FD004,lstm,0,accuracy_bias,4,0.4624999761581421,21.437732696533203,3758.419189453125,0.11491935483870966,0.8548387096774194,15.115614891052246
FD004,lstm,0,accuracy_bias,5,0.5999999642372131,24.924631118774414,5953.32666015625,0.1653225806451613,0.7540322580645161,15.115614891052246
FD004,lstm,0,completeness_MCAR,0,0.0,15.115614891052246,1612.9287109375,0.1403225806451613,0.9879032258064516,15.115614891052246
FD004,lstm,0,completeness_MCAR,1,0.050845980644226074,14.967354774475098,1609.8876953125,0.13870967741935486,0.9879032258064516,15.115614891052246
FD004,lstm,0,completeness_MCAR,2,0.16276884078979492,15.1319580078125,1643.8955078125,0.1399193548387097,0.9879032258064516,15.115614891052246
FD004,lstm,0,completeness_MCAR,3,0.2758064866065979,16.043495178222656,1249.6314697265625,0.12338709677419354,0.9758064516129032,15.115614891052246
FD004,lstm,0,completeness_MCAR,4,0.3872470259666443,17.496042251586914,2239.6865234375,0.12379032258064515,0.9758064516129032,15.115614891052246
FD004,lstm,0,completeness_MCAR,5,0.5002846717834473,15.562437057495117,1299.720458984375,0.11693548387096775,0.967741935483871,15.115614891052246
FD004,lstm,0,completeness_MAR,0,0.0,15.115614891052246,1612.9287109375,0.1403225806451613,0.9879032258064516,15.115614891052246
FD004,lstm,0,completeness_MAR,1,0.05031627416610718,15.042885780334473,1598.170166015625,0.1435483870967742,0.9879032258064516,15.115614891052246
FD004,lstm,0,completeness_MAR,2,0.16413664817810059,14.661092758178711,1085.309814453125,0.14153225806451614,0.9879032258064516,15.115614891052246
FD004,lstm,0,completeness_MAR,3,0.2778462767601013,16.24009895324707,1688.392822265625,0.13064516129032258,0.9838709677419355,15.115614891052246
FD004,lstm,0,completeness_MAR,4,0.3907812237739563,15.861933708190918,1112.04248046875,0.12661290322580646,0.9879032258064516,15.115614891052246
FD004,lstm,0,completeness_MAR,5,0.5040954947471619,18.824825286865234,2151.678955078125,0.1145161290322581,0.9556451612903226,15.115614891052246
FD004,lstm,0,completeness_MNAR,0,0.0,15.115614891052246,1612.9287109375,0.1403225806451613,0.9879032258064516,15.115614891052246
FD004,lstm,0,completeness_MNAR,1,0.05043482780456543,15.232345581054688,1478.6163330078125,0.1375,0.9879032258064516,15.115614891052246
FD004,lstm,0,completeness_MNAR,2,0.16331440210342407,16.648679733276367,2227.3603515625,0.12459677419354839,0.9758064516129032,15.115614891052246
FD004,lstm,0,completeness_MNAR,3,0.2761306166648865,17.980310440063477,3618.987548828125,0.1120967741935484,0.9637096774193549,15.115614891052246
FD004,lstm,0,completeness_MNAR,4,0.3883855938911438,19.345848083496094,4077.606689453125,0.08467741935483872,0.9395161290322581,15.115614891052246
FD004,lstm,0,completeness_MNAR,5,0.500118613243103,25.605714797973633,9707.447265625,0.1056451612903226,0.8266129032258065,15.115614891052246
FD004,lstm,0,timeliness,0,0.0,15.115614891052246,1612.9287109375,0.1403225806451613,0.9879032258064516,15.115614891052246
FD004,lstm,0,timeliness,1,0.15384620428085327,15.09764575958252,1446.13671875,0.1338709677419355,0.9879032258064516,15.115614891052246
FD004,lstm,0,timeliness,2,0.38461536169052124,18.820043563842773,2303.92333984375,0.10758064516129033,0.9758064516129032,15.115614891052246
FD004,lstm,0,timeliness,3,0.5384615361690521,23.05805778503418,14123.3427734375,0.09508064516129033,0.967741935483871,15.115614891052246
FD004,lstm,0,timeliness,4,0.7692307680845261,26.16427993774414,26081.208984375,0.08596774193548389,0.9354838709677419,15.115614891052246
FD004,lstm,0,timeliness,5,1.0,29.785293579101562,25470.88671875,0.10483870967741937,0.8830645161290323,15.115614891052246
FD004,lstm,0,consistency,0,0.0,15.115614891052246,1612.9287109375,0.1403225806451613,0.9879032258064516,15.115614891052246
FD004,lstm,0,consistency,1,0.052941203117370605,16.039770126342773,1664.069091796875,0.12096774193548387,0.967741935483871,15.115614891052246
FD004,lstm,0,consistency,2,0.17205893993377686,20.202112197875977,2580.7021484375,0.1018548387096774,0.875,15.115614891052246
FD004,lstm,0,consistency,3,0.29117637872695923,19.528043746948242,2237.348388671875,0.12217741935483868,0.8588709677419355,15.115614891052246
FD004,lstm,0,consistency,4,0.4102941155433655,26.09937286376953,5627.6171875,0.19677419354838704,0.6895161290322581,15.115614891052246
FD004,lstm,0,consistency,5,0.5294117629528046,46.44193649291992,83227.078125,0.3576612903225806,0.3629032258064516,15.115614891052246
FD004,lstm,0,drift,0,0.0,15.115614891052246,1612.9287109375,0.1403225806451613,0.9879032258064516,15.115614891052246
FD004,lstm,0,drift,1,0.09999996423721313,16.840011596679688,1369.648193359375,0.1253225806451613,0.9717741935483871,15.115614891052246
FD004,lstm,0,drift,2,0.32499992847442627,29.651517868041992,4937.0078125,0.2713709677419354,0.7701612903225806,15.115614891052246
FD004,lstm,0,drift,3,0.5499999821186066,44.07072830200195,18979.45703125,0.4157258064516129,0.3870967741935484,15.115614891052246
FD004,lstm,0,drift,4,0.7749999910593033,54.70431900024414,50282.171875,0.4766129032258064,0.11290322580645161,15.115614891052246
FD004,lstm,0,drift,5,1.0,62.76359939575195,102581.1953125,0.494758064516129,0.04435483870967742,15.115614891052246
FD004,lstm,1,accuracy,0,0.0,14.873019218444824,1326.6990966796875,0.1463709677419355,0.9798387096774194,14.873019218444824
FD004,lstm,1,accuracy,1,0.05000007152557373,14.827641487121582,1288.323486328125,0.144758064516129,0.9838709677419355,14.873019218444824
FD004,lstm,1,accuracy,2,0.1875,15.842761993408203,1251.2193603515625,0.13588709677419356,0.9879032258064516,14.873019218444824
FD004,lstm,1,accuracy,3,0.32499992847442627,15.420191764831543,1189.049072265625,0.13225806451612904,0.9758064516129032,14.873019218444824
FD004,lstm,1,accuracy,4,0.4624999761581421,17.624990463256836,1963.4669189453125,0.11693548387096775,0.9919354838709677,14.873019218444824
FD004,lstm,1,accuracy,5,0.5999999642372131,19.1268253326416,1874.1068115234375,0.10161290322580645,0.9717741935483871,14.873019218444824
FD004,lstm,1,accuracy_bias,0,0.0,14.873019218444824,1326.6990966796875,0.1463709677419355,0.9798387096774194,14.873019218444824
FD004,lstm,1,accuracy_bias,1,0.05000007152557373,14.91743278503418,1250.466064453125,0.1439516129032258,0.9879032258064516,14.873019218444824
FD004,lstm,1,accuracy_bias,2,0.1875,16.228654861450195,1555.362548828125,0.13379032258064516,0.9798387096774194,14.873019218444824
FD004,lstm,1,accuracy_bias,3,0.32499992847442627,18.8897647857666,1895.9854736328125,0.11685483870967742,0.967741935483871,14.873019218444824
FD004,lstm,1,accuracy_bias,4,0.4624999761581421,22.457359313964844,4207.0791015625,0.1375,0.9153225806451613,14.873019218444824
FD004,lstm,1,accuracy_bias,5,0.5999999642372131,27.130765914916992,6497.68896484375,0.18870967741935485,0.8024193548387096,14.873019218444824
FD004,lstm,1,completeness_MCAR,0,0.0,14.873019218444824,1326.6990966796875,0.1463709677419355,0.9798387096774194,14.873019218444824
FD004,lstm,1,completeness_MCAR,1,0.050845980644226074,14.915252685546875,1353.4520263671875,0.14475806451612905,0.9717741935483871,14.873019218444824
FD004,lstm,1,completeness_MCAR,2,0.16276884078979492,14.910528182983398,1412.4193115234375,0.1467741935483871,0.9838709677419355,14.873019218444824
FD004,lstm,1,completeness_MCAR,3,0.2758064866065979,15.634958267211914,1262.5823974609375,0.12862903225806452,0.9717741935483871,14.873019218444824
FD004,lstm,1,completeness_MCAR,4,0.3872470259666443,18.092653274536133,2336.08837890625,0.12943548387096776,0.9838709677419355,14.873019218444824
FD004,lstm,1,completeness_MCAR,5,0.5002846717834473,16.811260223388672,1702.27783203125,0.12419354838709677,0.9717741935483871,14.873019218444824
FD004,lstm,1,completeness_MAR,0,0.0,14.873019218444824,1326.6990966796875,0.1463709677419355,0.9798387096774194,14.873019218444824
FD004,lstm,1,completeness_MAR,1,0.05031627416610718,14.957969665527344,1381.392578125,0.14475806451612905,0.9798387096774194,14.873019218444824
FD004,lstm,1,completeness_MAR,2,0.16413664817810059,15.54728889465332,1299.74365234375,0.1375,0.9879032258064516,14.873019218444824
FD004,lstm,1,completeness_MAR,3,0.2778462767601013,15.493891716003418,1320.9642333984375,0.1407258064516129,0.9879032258064516,14.873019218444824
FD004,lstm,1,completeness_MAR,4,0.3907812237739563,16.790790557861328,1356.5216064453125,0.12862903225806452,0.9959677419354839,14.873019218444824
FD004,lstm,1,completeness_MAR,5,0.5040954947471619,19.647388458251953,2522.40673828125,0.1088709677419355,0.9717741935483871,14.873019218444824
FD004,lstm,1,completeness_MNAR,0,0.0,14.873019218444824,1326.6990966796875,0.1463709677419355,0.9798387096774194,14.873019218444824
FD004,lstm,1,completeness_MNAR,1,0.05043482780456543,15.03640079498291,1313.4632568359375,0.1411290322580645,0.9798387096774194,14.873019218444824
FD004,lstm,1,completeness_MNAR,2,0.16331440210342407,16.797117233276367,1846.744873046875,0.1310483870967742,0.9798387096774194,14.873019218444824
FD004,lstm,1,completeness_MNAR,3,0.2761306166648865,18.36348533630371,2881.9736328125,0.11693548387096775,0.9717741935483871,14.873019218444824
FD004,lstm,1,completeness_MNAR,4,0.3883855938911438,19.728944778442383,3559.44189453125,0.09395161290322582,0.9838709677419355,14.873019218444824
FD004,lstm,1,completeness_MNAR,5,0.500118613243103,27.409624099731445,55230.4609375,0.08145161290322582,0.8870967741935484,14.873019218444824
FD004,lstm,1,timeliness,0,0.0,14.873019218444824,1326.6990966796875,0.1463709677419355,0.9798387096774194,14.873019218444824
FD004,lstm,1,timeliness,1,0.15384620428085327,15.157620429992676,1258.4571533203125,0.1407258064516129,0.9717741935483871,14.873019218444824
FD004,lstm,1,timeliness,2,0.38461536169052124,18.806303024291992,2156.54345703125,0.10798387096774195,0.967741935483871,14.873019218444824
FD004,lstm,1,timeliness,3,0.5384615361690521,22.097543716430664,9606.240234375,0.10516129032258066,0.9717741935483871,14.873019218444824
FD004,lstm,1,timeliness,4,0.7692307680845261,25.624671936035156,15062.607421875,0.09000000000000001,0.9475806451612904,14.873019218444824
FD004,lstm,1,timeliness,5,1.0,29.333425521850586,23301.236328125,0.11653225806451614,0.8830645161290323,14.873019218444824
FD004,lstm,1,consistency,0,0.0,14.873019218444824,1326.6990966796875,0.1463709677419355,0.9798387096774194,14.873019218444824
FD004,lstm,1,consistency,1,0.052941203117370605,15.955873489379883,1407.497314453125,0.13016129032258067,0.967741935483871,14.873019218444824
FD004,lstm,1,consistency,2,0.17205893993377686,19.65312957763672,2062.979736328125,0.12524193548387091,0.8870967741935484,14.873019218444824
FD004,lstm,1,consistency,3,0.29117637872695923,23.1203556060791,4995.013671875,0.1588709677419355,0.8185483870967742,14.873019218444824
FD004,lstm,1,consistency,4,0.4102941155433655,30.028038024902344,9582.2119140625,0.24516129032258066,0.6693548387096774,14.873019218444824
FD004,lstm,1,consistency,5,0.5294117629528046,42.91822052001953,55852.90625,0.32298387096774195,0.4637096774193548,14.873019218444824
FD004,lstm,1,drift,0,0.0,14.873019218444824,1326.6990966796875,0.1463709677419355,0.9798387096774194,14.873019218444824
FD004,lstm,1,drift,1,0.09999996423721313,16.16260528564453,1260.9561767578125,0.15395161290322582,0.9838709677419355,14.873019218444824
FD004,lstm,1,drift,2,0.32499992847442627,30.050193786621094,5447.486328125,0.24959677419354837,0.8870967741935484,14.873019218444824
FD004,lstm,1,drift,3,0.5499999821186066,46.81035614013672,24984.701171875,0.4112903225806452,0.3790322580645161,14.873019218444824
FD004,lstm,1,drift,4,0.7749999910593033,57.742313385009766,65263.3203125,0.4693548387096774,0.14516129032258066,14.873019218444824
FD004,lstm,1,drift,5,1.0,65.1424789428711,127970.5,0.4883064516129032,0.06451612903225806,14.873019218444824
FD004,lstm,2,accuracy,0,0.0,15.61449909210205,1222.788330078125,0.1056451612903226,0.9637096774193549,15.61449909210205
FD004,lstm,2,accuracy,1,0.05000007152557373,15.451314926147461,1199.8001708984375,0.1064516129032258,0.9637096774193549,15.61449909210205
FD004,lstm,2,accuracy,2,0.1875,16.867618560791016,1892.6829833984375,0.1024193548387097,0.9637096774193549,15.61449909210205
FD004,lstm,2,accuracy,3,0.32499992847442627,15.877660751342773,1225.5870361328125,0.09919354838709679,0.9717741935483871,15.61449909210205
FD004,lstm,2,accuracy,4,0.4624999761581421,18.783143997192383,2299.521728515625,0.07943548387096776,0.9395161290322581,15.61449909210205
FD004,lstm,2,accuracy,5,0.5999999642372131,18.93770408630371,1923.905029296875,0.0789516129032258,0.9435483870967742,15.61449909210205
FD004,lstm,2,accuracy_bias,0,0.0,15.61449909210205,1222.788330078125,0.1056451612903226,0.9637096774193549,15.61449909210205
FD004,lstm,2,accuracy_bias,1,0.05000007152557373,15.65424919128418,1246.3544921875,0.10806451612903226,0.9637096774193549,15.61449909210205
FD004,lstm,2,accuracy_bias,2,0.1875,16.931753158569336,1768.150390625,0.09749999999999999,0.9596774193548387,15.61449909210205
FD004,lstm,2,accuracy_bias,3,0.32499992847442627,19.1230525970459,2051.939453125,0.09233870967741933,0.9153225806451613,15.61449909210205
FD004,lstm,2,accuracy_bias,4,0.4624999761581421,22.61469841003418,3531.67919921875,0.13508064516129029,0.8266129032258065,15.61449909210205
FD004,lstm,2,accuracy_bias,5,0.5999999642372131,26.56161117553711,5538.4033203125,0.182258064516129,0.7379032258064516,15.61449909210205
FD004,lstm,2,completeness_MCAR,0,0.0,15.61449909210205,1222.788330078125,0.1056451612903226,0.9637096774193549,15.61449909210205
FD004,lstm,2,completeness_MCAR,1,0.050845980644226074,15.20355224609375,1140.8511962890625,0.10483870967741934,0.9516129032258065,15.61449909210205
FD004,lstm,2,completeness_MCAR,2,0.16276884078979492,15.448976516723633,1227.0728759765625,0.10161290322580645,0.9596774193548387,15.61449909210205
FD004,lstm,2,completeness_MCAR,3,0.2758064866065979,17.00896453857422,1411.4989013671875,0.09233870967741938,0.9475806451612904,15.61449909210205
FD004,lstm,2,completeness_MCAR,4,0.3872470259666443,17.67201805114746,1825.2147216796875,0.08911290322580648,0.9556451612903226,15.61449909210205
FD004,lstm,2,completeness_MCAR,5,0.5002846717834473,17.094318389892578,1480.174560546875,0.0870967741935484,0.9475806451612904,15.61449909210205
FD004,lstm,2,completeness_MAR,0,0.0,15.61449909210205,1222.788330078125,0.1056451612903226,0.9637096774193549,15.61449909210205
FD004,lstm,2,completeness_MAR,1,0.05031627416610718,15.736043930053711,1261.2442626953125,0.1036290322580645,0.9637096774193549,15.61449909210205
FD004,lstm,2,completeness_MAR,2,0.16413664817810059,15.686680793762207,1230.7747802734375,0.11088709677419357,0.967741935483871,15.61449909210205
FD004,lstm,2,completeness_MAR,3,0.2778462767601013,16.11564826965332,1220.8172607421875,0.1,0.9798387096774194,15.61449909210205
FD004,lstm,2,completeness_MAR,4,0.3907812237739563,16.95444107055664,1243.515380859375,0.08782258064516128,0.9516129032258065,15.61449909210205
FD004,lstm,2,completeness_MAR,5,0.5040954947471619,18.729480743408203,2030.221435546875,0.07661290322580644,0.9516129032258065,15.61449909210205
FD004,lstm,2,completeness_MNAR,0,0.0,15.61449909210205,1222.788330078125,0.1056451612903226,0.9637096774193549,15.61449909210205
FD004,lstm,2,completeness_MNAR,1,0.05043482780456543,15.672646522521973,1205.5718994140625,0.1028225806451613,0.967741935483871,15.61449909210205
FD004,lstm,2,completeness_MNAR,2,0.16331440210342407,17.092485427856445,1878.97607421875,0.08588709677419357,0.9556451612903226,15.61449909210205
FD004,lstm,2,completeness_MNAR,3,0.2761306166648865,17.901718139648438,3009.500732421875,0.08024193548387097,0.9395161290322581,15.61449909210205
FD004,lstm,2,completeness_MNAR,4,0.3883855938911438,19.690126419067383,7144.75927734375,0.0532258064516129,0.9274193548387096,15.61449909210205
FD004,lstm,2,completeness_MNAR,5,0.500118613243103,28.283939361572266,30193.740234375,0.12379032258064519,0.842741935483871,15.61449909210205
FD004,lstm,2,timeliness,0,0.0,15.61449909210205,1222.788330078125,0.1056451612903226,0.9637096774193549,15.61449909210205
FD004,lstm,2,timeliness,1,0.15384620428085327,15.759038925170898,1172.48876953125,0.09475806451612903,0.9516129032258065,15.61449909210205
FD004,lstm,2,timeliness,2,0.38461536169052124,18.562728881835938,1980.2105712890625,0.07548387096774196,0.9435483870967742,15.61449909210205
FD004,lstm,2,timeliness,3,0.5384615361690521,21.995664596557617,5864.59423828125,0.09387096774193551,0.9354838709677419,15.61449909210205
FD004,lstm,2,timeliness,4,0.7692307680845261,25.079980850219727,14598.1240234375,0.0963709677419355,0.8709677419354839,15.61449909210205
FD004,lstm,2,timeliness,5,1.0,28.581449508666992,24883.96484375,0.1431451612903226,0.8024193548387096,15.61449909210205
FD004,lstm,2,consistency,0,0.0,15.61449909210205,1222.788330078125,0.1056451612903226,0.9637096774193549,15.61449909210205
FD004,lstm,2,consistency,1,0.052941203117370605,17.303457260131836,1479.809326171875,0.10241935483870965,0.9274193548387096,15.61449909210205
FD004,lstm,2,consistency,2,0.17205893993377686,22.039514541625977,2584.1845703125,0.1266129032258064,0.8669354838709677,15.61449909210205
FD004,lstm,2,consistency,3,0.29117637872695923,20.862764358520508,2229.624267578125,0.1129032258064516,0.8588709677419355,15.61449909210205
FD004,lstm,2,consistency,4,0.4102941155433655,26.143539428710938,4441.6904296875,0.17137096774193547,0.7137096774193549,15.61449909210205
FD004,lstm,2,consistency,5,0.5294117629528046,46.42598342895508,64703.6328125,0.3596774193548387,0.3185483870967742,15.61449909210205
FD004,lstm,2,drift,0,0.0,15.61449909210205,1222.788330078125,0.1056451612903226,0.9637096774193549,15.61449909210205
FD004,lstm,2,drift,1,0.09999996423721313,17.90463638305664,1439.044921875,0.11524193548387096,0.967741935483871,15.61449909210205
FD004,lstm,2,drift,2,0.32499992847442627,29.728456497192383,5762.9267578125,0.2540322580645161,0.7943548387096774,15.61449909210205
FD004,lstm,2,drift,3,0.5499999821186066,43.117530822753906,18274.6875,0.39999999999999997,0.4879032258064516,15.61449909210205
FD004,lstm,2,drift,4,0.7749999910593033,53.978519439697266,47432.8515625,0.4620967741935484,0.20967741935483872,15.61449909210205
FD004,lstm,2,drift,5,1.0,62.78823471069336,104841.3125,0.4834677419354838,0.09274193548387097,15.61449909210205
FD004,lstm,3,accuracy,0,0.0,14.958596229553223,1234.77783203125,0.10161290322580645,0.967741935483871,14.958596229553223
FD004,lstm,3,accuracy,1,0.05000007152557373,14.81405258178711,1207.230224609375,0.09919354838709679,0.967741935483871,14.958596229553223
FD004,lstm,3,accuracy,2,0.1875,15.64910888671875,1280.3037109375,0.08870967741935484,0.9475806451612904,14.958596229553223
FD004,lstm,3,accuracy,3,0.32499992847442627,15.629693031311035,1288.3809814453125,0.09112903225806453,0.9475806451612904,14.958596229553223
FD004,lstm,3,accuracy,4,0.4624999761581421,17.254648208618164,1811.05810546875,0.07459677419354839,0.9516129032258065,14.958596229553223
FD004,lstm,3,accuracy,5,0.5999999642372131,19.335622787475586,2127.643798828125,0.05274193548387096,0.9193548387096774,14.958596229553223
FD004,lstm,3,accuracy_bias,0,0.0,14.958596229553223,1234.77783203125,0.10161290322580645,0.967741935483871,14.958596229553223
FD004,lstm,3,accuracy_bias,1,0.05000007152557373,14.787607192993164,1191.0953369140625,0.1043548387096774,0.9717741935483871,14.958596229553223
FD004,lstm,3,accuracy_bias,2,0.1875,16.806991577148438,1840.7955322265625,0.09104838709677418,0.9274193548387096,14.958596229553223
FD004,lstm,3,accuracy_bias,3,0.32499992847442627,19.718399047851562,2267.680419921875,0.09274193548387095,0.8790322580645161,14.958596229553223
FD004,lstm,3,accuracy_bias,4,0.4624999761581421,23.584692001342773,4869.091796875,0.13387096774193546,0.7540322580645161,14.958596229553223
FD004,lstm,3,accuracy_bias,5,0.5999999642372131,26.929655075073242,6418.923828125,0.1798387096774193,0.6895161290322581,14.958596229553223
FD004,lstm,3,completeness_MCAR,0,0.0,14.958596229553223,1234.77783203125,0.10161290322580645,0.967741935483871,14.958596229553223
FD004,lstm,3,completeness_MCAR,1,0.050845980644226074,15.015287399291992,1286.1385498046875,0.09959677419354841,0.9556451612903226,14.958596229553223
FD004,lstm,3,completeness_MCAR,2,0.16276884078979492,15.003764152526855,1199.725341796875,0.1024193548387097,0.9717741935483871,14.958596229553223
FD004,lstm,3,completeness_MCAR,3,0.2758064866065979,16.49381446838379,1297.922119140625,0.09153225806451612,0.9274193548387096,14.958596229553223
FD004,lstm,3,completeness_MCAR,4,0.3872470259666443,17.69801139831543,1725.63916015625,0.08016129032258064,0.9314516129032258,14.958596229553223
FD004,lstm,3,completeness_MCAR,5,0.5002846717834473,17.65822410583496,1803.590576171875,0.07370967741935483,0.9112903225806451,14.958596229553223
FD004,lstm,3,completeness_MAR,0,0.0,14.958596229553223,1234.77783203125,0.10161290322580645,0.967741935483871,14.958596229553223
FD004,lstm,3,completeness_MAR,1,0.05031627416610718,14.899070739746094,1221.393310546875,0.10161290322580645,0.967741935483871,14.958596229553223
FD004,lstm,3,completeness_MAR,2,0.16413664817810059,15.283792495727539,1221.145263671875,0.10233870967741936,0.9556451612903226,14.958596229553223
FD004,lstm,3,completeness_MAR,3,0.2778462767601013,15.819568634033203,1257.71826171875,0.08750000000000001,0.9475806451612904,14.958596229553223
FD004,lstm,3,completeness_MAR,4,0.3907812237739563,16.199403762817383,1180.141357421875,0.07572580645161289,0.9395161290322581,14.958596229553223
FD004,lstm,3,completeness_MAR,5,0.5040954947471619,18.733755111694336,2230.380859375,0.06685483870967741,0.907258064516129,14.958596229553223
FD004,lstm,3,completeness_MNAR,0,0.0,14.958596229553223,1234.77783203125,0.10161290322580645,0.967741935483871,14.958596229553223
FD004,lstm,3,completeness_MNAR,1,0.05043482780456543,15.356619834899902,1328.184814453125,0.09516129032258064,0.9596774193548387,14.958596229553223
FD004,lstm,3,completeness_MNAR,2,0.16331440210342407,16.648786544799805,1548.096435546875,0.08185483870967744,0.9596774193548387,14.958596229553223
FD004,lstm,3,completeness_MNAR,3,0.2761306166648865,17.236278533935547,2137.96826171875,0.07056451612903226,0.9153225806451613,14.958596229553223
FD004,lstm,3,completeness_MNAR,4,0.3883855938911438,20.03985023498535,3897.76513671875,0.048306451612903235,0.8709677419354839,14.958596229553223
FD004,lstm,3,completeness_MNAR,5,0.500118613243103,26.99665641784668,13941.9208984375,0.132258064516129,0.7540322580645161,14.958596229553223
FD004,lstm,3,timeliness,0,0.0,14.958596229553223,1234.77783203125,0.10161290322580645,0.967741935483871,14.958596229553223
FD004,lstm,3,timeliness,1,0.15384620428085327,15.16032600402832,1190.177978515625,0.0907258064516129,0.9475806451612904,14.958596229553223
FD004,lstm,3,timeliness,2,0.38461536169052124,18.68939971923828,1911.9715576171875,0.07862903225806453,0.9233870967741935,14.958596229553223
FD004,lstm,3,timeliness,3,0.5384615361690521,21.709213256835938,6189.681640625,0.09032258064516131,0.8790322580645161,14.958596229553223
FD004,lstm,3,timeliness,4,0.7692307680845261,25.0572566986084,15578.73046875,0.11338709677419354,0.7943548387096774,14.958596229553223
FD004,lstm,3,timeliness,5,1.0,28.254568099975586,17007.94921875,0.1495967741935484,0.7379032258064516,14.958596229553223
FD004,lstm,3,consistency,0,0.0,14.958596229553223,1234.77783203125,0.10161290322580645,0.967741935483871,14.958596229553223
FD004,lstm,3,consistency,1,0.052941203117370605,16.437620162963867,1533.16845703125,0.1043548387096774,0.9354838709677419,14.958596229553223
FD004,lstm,3,consistency,2,0.17205893993377686,21.16790008544922,2464.158203125,0.1314516129032258,0.7741935483870968,14.958596229553223
FD004,lstm,3,consistency,3,0.29117637872695923,18.83704948425293,1826.0489501953125,0.09766129032258063,0.8024193548387096,14.958596229553223
FD004,lstm,3,consistency,4,0.4102941155433655,30.65861701965332,9342.1123046875,0.22419354838709676,0.657258064516129,14.958596229553223
FD004,lstm,3,consistency,5,0.5294117629528046,44.95565414428711,59973.703125,0.3354838709677419,0.3709677419354839,14.958596229553223
FD004,lstm,3,drift,0,0.0,14.958596229553223,1234.77783203125,0.10161290322580645,0.967741935483871,14.958596229553223
FD004,lstm,3,drift,1,0.09999996423721313,17.065641403198242,1402.158935546875,0.11887096774193547,0.9637096774193549,14.958596229553223
FD004,lstm,3,drift,2,0.32499992847442627,31.53023910522461,6489.75830078125,0.29193548387096774,0.7298387096774194,14.958596229553223
FD004,lstm,3,drift,3,0.5499999821186066,47.08145523071289,25155.47265625,0.4318548387096774,0.2903225806451613,14.958596229553223
FD004,lstm,3,drift,4,0.7749999910593033,57.42284393310547,63428.90625,0.475,0.11290322580645161,14.958596229553223
FD004,lstm,3,drift,5,1.0,64.59520721435547,121298.21875,0.4879032258064516,0.06854838709677419,14.958596229553223
FD004,lstm,4,accuracy,0,0.0,14.969341278076172,1223.143798828125,0.04677419354838709,0.9153225806451613,14.969341278076172
FD004,lstm,4,accuracy,1,0.05000007152557373,14.857789993286133,1218.21533203125,0.04798387096774194,0.9112903225806451,14.969341278076172
FD004,lstm,4,accuracy,2,0.1875,15.544421195983887,1064.37060546875,0.04951612903225805,0.9274193548387096,14.969341278076172
FD004,lstm,4,accuracy,3,0.32499992847442627,15.996996879577637,1370.0416259765625,0.03330645161290322,0.8790322580645161,14.969341278076172
FD004,lstm,4,accuracy,4,0.4624999761581421,17.800806045532227,1803.750244140625,0.023467741935483864,0.8870967741935484,14.969341278076172
FD004,lstm,4,accuracy,5,0.5999999642372131,19.50168800354004,2020.9241943359375,0.033387096774193534,0.8467741935483871,14.969341278076172
FD004,lstm,4,accuracy_bias,0,0.0,14.969341278076172,1223.143798828125,0.04677419354838709,0.9153225806451613,14.969341278076172
FD004,lstm,4,accuracy_bias,1,0.05000007152557373,14.867181777954102,1257.0513916015625,0.05564516129032256,0.9153225806451613,14.969341278076172
FD004,lstm,4,accuracy_bias,2,0.1875,16.363203048706055,1740.667236328125,0.05991935483870967,0.8709677419354839,14.969341278076172
FD004,lstm,4,accuracy_bias,3,0.32499992847442627,18.850385665893555,2181.46240234375,0.1178225806451613,0.7782258064516129,14.969341278076172
FD004,lstm,4,accuracy_bias,4,0.4624999761581421,23.08095932006836,4146.587890625,0.16983870967741935,0.6411290322580645,14.969341278076172
FD004,lstm,4,accuracy_bias,5,0.5999999642372131,26.764585494995117,5973.453125,0.2068548387096774,0.5846774193548387,14.969341278076172
FD004,lstm,4,completeness_MCAR,0,0.0,14.969341278076172,1223.143798828125,0.04677419354838709,0.9153225806451613,14.969341278076172
FD004,lstm,4,completeness_MCAR,1,0.050845980644226074,14.98855209350586,1263.1236572265625,0.04596774193548385,0.9112903225806451,14.969341278076172
FD004,lstm,4,completeness_MCAR,2,0.16276884078979492,15.10621166229248,1316.29296875,0.05112903225806451,0.9153225806451613,14.969341278076172
FD004,lstm,4,completeness_MCAR,3,0.2758064866065979,16.143634796142578,1188.4056396484375,0.038064516129032236,0.8991935483870968,14.969341278076172
FD004,lstm,4,completeness_MCAR,4,0.3872470259666443,17.541540145874023,1797.232666015625,0.03298387096774191,0.8830645161290323,14.969341278076172
FD004,lstm,4,completeness_MCAR,5,0.5002846717834473,17.243635177612305,1653.6080322265625,0.03379032258064514,0.8346774193548387,14.969341278076172
FD004,lstm,4,completeness_MAR,0,0.0,14.969341278076172,1223.143798828125,0.04677419354838709,0.9153225806451613,14.969341278076172
FD004,lstm,4,completeness_MAR,1,0.05031627416610718,15.177478790283203,1222.87548828125,0.05233870967741934,0.9233870967741935,14.969341278076172
FD004,lstm,4,completeness_MAR,2,0.16413664817810059,15.355844497680664,1119.83837890625,0.043145161290322566,0.9193548387096774,14.969341278076172
FD004,lstm,4,completeness_MAR,3,0.2778462767601013,15.603063583374023,1203.549072265625,0.03701612903225806,0.9314516129032258,14.969341278076172
FD004,lstm,4,completeness_MAR,4,0.3907812237739563,15.869945526123047,1070.251220703125,0.026693548387096765,0.907258064516129,14.969341278076172
FD004,lstm,4,completeness_MAR,5,0.5040954947471619,18.069580078125,1838.635009765625,0.0246774193548387,0.8548387096774194,14.969341278076172
FD004,lstm,4,completeness_MNAR,0,0.0,14.969341278076172,1223.143798828125,0.04677419354838709,0.9153225806451613,14.969341278076172
FD004,lstm,4,completeness_MNAR,1,0.05043482780456543,15.295197486877441,1222.857177734375,0.045967741935483857,0.9153225806451613,14.969341278076172
FD004,lstm,4,completeness_MNAR,2,0.16331440210342407,16.685504913330078,1505.489990234375,0.03266129032258064,0.8911290322580645,14.969341278076172
FD004,lstm,4,completeness_MNAR,3,0.2761306166648865,18.13408851623535,2620.39208984375,0.031129032258064508,0.8467741935483871,14.969341278076172
FD004,lstm,4,completeness_MNAR,4,0.3883855938911438,19.086627960205078,3215.10791015625,0.03717741935483872,0.8064516129032258,14.969341278076172
FD004,lstm,4,completeness_MNAR,5,0.500118613243103,28.45349884033203,22980.86328125,0.14758064516129035,0.6129032258064516,14.969341278076172
FD004,lstm,4,timeliness,0,0.0,14.969341278076172,1223.143798828125,0.04677419354838709,0.9153225806451613,14.969341278076172
FD004,lstm,4,timeliness,1,0.15384620428085327,15.178153038024902,1115.390869140625,0.03895161290322583,0.9153225806451613,14.969341278076172
FD004,lstm,4,timeliness,2,0.38461536169052124,18.988162994384766,2498.73681640625,0.07983870967741938,0.8306451612903226,14.969341278076172
FD004,lstm,4,timeliness,3,0.5384615361690521,22.18756675720215,7203.509765625,0.09798387096774194,0.7943548387096774,14.969341278076172
FD004,lstm,4,timeliness,4,0.7692307680845261,26.10646629333496,15848.65625,0.12145161290322584,0.7096774193548387,14.969341278076172
FD004,lstm,4,timeliness,5,1.0,29.183914184570312,19616.42578125,0.16943548387096774,0.6330645161290323,14.969341278076172
FD004,lstm,4,consistency,0,0.0,14.969341278076172,1223.143798828125,0.04677419354838709,0.9153225806451613,14.969341278076172
FD004,lstm,4,consistency,1,0.052941203117370605,16.08856773376465,1474.60546875,0.09395161290322579,0.8870967741935484,14.969341278076172
FD004,lstm,4,consistency,2,0.17205893993377686,19.27865982055664,2037.5087890625,0.17782258064516127,0.6814516129032258,14.969341278076172
FD004,lstm,4,consistency,3,0.29117637872695923,18.1715145111084,1694.453125,0.10524193548387095,0.7459677419354839,14.969341278076172
FD004,lstm,4,consistency,4,0.4102941155433655,27.510356903076172,8252.330078125,0.22056451612903225,0.5967741935483871,14.969341278076172
FD004,lstm,4,consistency,5,0.5294117629528046,42.235633850097656,48664.234375,0.3415322580645161,0.32661290322580644,14.969341278076172
FD004,lstm,4,drift,0,0.0,14.969341278076172,1223.143798828125,0.04677419354838709,0.9153225806451613,14.969341278076172
FD004,lstm,4,drift,1,0.09999996423721313,17.684938430786133,1367.56201171875,0.1282258064516129,0.9032258064516129,14.969341278076172
FD004,lstm,4,drift,2,0.32499992847442627,32.95803451538086,6737.7607421875,0.3786290322580645,0.4959677419354839,14.969341278076172
FD004,lstm,4,drift,3,0.5499999821186066,48.50875473022461,27464.453125,0.4830645161290323,0.08870967741935484,14.969341278076172
FD004,lstm,4,drift,4,0.7749999910593033,59.44416809082031,75524.40625,0.4967741935483871,0.016129032258064516,14.969341278076172
FD004,lstm,4,drift,5,1.0,66.9028091430664,152931.59375,0.4991935483870968,0.004032258064516129,14.969341278076172
FD004,transformer,0,accuracy,0,0.0,16.572790145874023,1439.068115234375,0.06903225806451616,0.9516129032258065,16.572790145874023
FD004,transformer,0,accuracy,1,0.05000007152557373,16.72425651550293,1461.1551513671875,0.0674193548387097,0.9475806451612904,16.572790145874023
FD004,transformer,0,accuracy,2,0.1875,17.400421142578125,1611.0977783203125,0.053790322580645165,0.9475806451612904,16.572790145874023
FD004,transformer,0,accuracy,3,0.32499992847442627,18.86821937561035,2072.79541015625,0.0456451612903226,0.9516129032258065,16.572790145874023
FD004,transformer,0,accuracy,4,0.4624999761581421,20.415464401245117,2019.6114501953125,0.03774193548387095,0.9153225806451613,16.572790145874023
FD004,transformer,0,accuracy,5,0.5999999642372131,23.094388961791992,2477.28955078125,0.06491935483870968,0.9193548387096774,16.572790145874023
FD004,transformer,0,accuracy_bias,0,0.0,16.572790145874023,1439.068115234375,0.06903225806451616,0.9516129032258065,16.572790145874023
FD004,transformer,0,accuracy_bias,1,0.05000007152557373,16.457948684692383,1436.762451171875,0.07290322580645164,0.9556451612903226,16.572790145874023
FD004,transformer,0,accuracy_bias,2,0.1875,17.33672523498535,1652.813232421875,0.060080645161290344,0.9596774193548387,16.572790145874023
FD004,transformer,0,accuracy_bias,3,0.32499992847442627,20.49752426147461,1818.4200439453125,0.08951612903225804,0.9314516129032258,16.572790145874023
FD004,transformer,0,accuracy_bias,4,0.4624999761581421,25.755495071411133,3571.299560546875,0.16975806451612901,0.8790322580645161,16.572790145874023
FD004,transformer,0,accuracy_bias,5,0.5999999642372131,32.572879791259766,8664.439453125,0.23064516129032256,0.7620967741935484,16.572790145874023
FD004,transformer,0,completeness_MCAR,0,0.0,16.572790145874023,1439.068115234375,0.06903225806451616,0.9516129032258065,16.572790145874023
FD004,transformer,0,completeness_MCAR,1,0.050845980644226074,16.015613555908203,1302.04150390625,0.07266129032258066,0.967741935483871,16.572790145874023
FD004,transformer,0,completeness_MCAR,2,0.16276884078979492,17.000106811523438,2046.829345703125,0.06903225806451616,0.9556451612903226,16.572790145874023
FD004,transformer,0,completeness_MCAR,3,0.2758064866065979,17.131242752075195,1624.0234375,0.062016129032258074,0.9556451612903226,16.572790145874023
FD004,transformer,0,completeness_MCAR,4,0.3872470259666443,18.660707473754883,3200.7646484375,0.07225806451612905,0.9435483870967742,16.572790145874023
FD004,transformer,0,completeness_MCAR,5,0.5002846717834473,18.336767196655273,2125.916259765625,0.06008064516129034,0.9153225806451613,16.572790145874023
FD004,transformer,0,completeness_MAR,0,0.0,16.572790145874023,1439.068115234375,0.06903225806451616,0.9516129032258065,16.572790145874023
FD004,transformer,0,completeness_MAR,1,0.05031627416610718,16.478853225708008,1482.965087890625,0.07104838709677422,0.9556451612903226,16.572790145874023
FD004,transformer,0,completeness_MAR,2,0.16413664817810059,16.129709243774414,1346.4818115234375,0.06903225806451616,0.9596774193548387,16.572790145874023
FD004,transformer,0,completeness_MAR,3,0.2778462767601013,17.524274826049805,2067.919189453125,0.06580645161290324,0.9435483870967742,16.572790145874023
FD004,transformer,0,completeness_MAR,4,0.3907812237739563,17.02499771118164,1443.819580078125,0.05491935483870969,0.9556451612903226,16.572790145874023
FD004,transformer,0,completeness_MAR,5,0.5040954947471619,17.316131591796875,1555.385009765625,0.056612903225806456,0.9233870967741935,16.572790145874023
FD004,transformer,0,completeness_MNAR,0,0.0,16.572790145874023,1439.068115234375,0.06903225806451616,0.9516129032258065,16.572790145874023
FD004,transformer,0,completeness_MNAR,1,0.05043482780456543,16.85359764099121,1515.797119140625,0.07548387096774198,0.9435483870967742,16.572790145874023
FD004,transformer,0,completeness_MNAR,2,0.16331440210342407,17.443708419799805,1720.2086181640625,0.06056451612903226,0.9556451612903226,16.572790145874023
FD004,transformer,0,completeness_MNAR,3,0.2761306166648865,18.026649475097656,3616.1640625,0.05733870967741937,0.9516129032258065,16.572790145874023
FD004,transformer,0,completeness_MNAR,4,0.3883855938911438,20.509380340576172,4897.5419921875,0.06975806451612905,0.9112903225806451,16.572790145874023
FD004,transformer,0,completeness_MNAR,5,0.500118613243103,33.03468322753906,134307.15625,0.1649193548387097,0.7016129032258065,16.572790145874023
FD004,transformer,0,timeliness,0,0.0,16.572790145874023,1439.068115234375,0.06903225806451616,0.9516129032258065,16.572790145874023
FD004,transformer,0,timeliness,1,0.15384620428085327,16.98856544494629,1511.203125,0.06943548387096776,0.9475806451612904,16.572790145874023
FD004,transformer,0,timeliness,2,0.38461536169052124,18.436405181884766,2043.1893310546875,0.0866935483870968,0.9032258064516129,16.572790145874023
FD004,transformer,0,timeliness,3,0.5384615361690521,22.077537536621094,5777.642578125,0.08185483870967743,0.8830645161290323,16.572790145874023
FD004,transformer,0,timeliness,4,0.7692307680845261,23.899539947509766,8051.140625,0.08064516129032259,0.8629032258064516,16.572790145874023
FD004,transformer,0,timeliness,5,1.0,26.038206100463867,15670.634765625,0.10524193548387098,0.8064516129032258,16.572790145874023
FD004,transformer,0,consistency,0,0.0,16.572790145874023,1439.068115234375,0.06903225806451616,0.9516129032258065,16.572790145874023
FD004,transformer,0,consistency,1,0.052941203117370605,17.636686325073242,1432.907470703125,0.07048387096774192,0.967741935483871,16.572790145874023
FD004,transformer,0,consistency,2,0.17205893993377686,24.59391975402832,3699.590087890625,0.2201612903225806,0.842741935483871,16.572790145874023
FD004,transformer,0,consistency,3,0.29117637872695923,24.342060089111328,2825.79931640625,0.16209677419354837,0.8830645161290323,16.572790145874023
FD004,transformer,0,consistency,4,0.4102941155433655,30.258930206298828,6706.85888671875,0.22862903225806455,0.7943548387096774,16.572790145874023
FD004,transformer,0,consistency,5,0.5294117629528046,54.88157653808594,75734.375,0.4762096774193548,0.125,16.572790145874023
FD004,transformer,0,drift,0,0.0,16.572790145874023,1439.068115234375,0.06903225806451616,0.9516129032258065,16.572790145874023
FD004,transformer,0,drift,1,0.09999996423721313,18.149776458740234,1541.4564208984375,0.06483870967741935,0.9596774193548387,16.572790145874023
FD004,transformer,0,drift,2,0.32499992847442627,28.692611694335938,4764.1796875,0.19838709677419356,0.8387096774193549,16.572790145874023
FD004,transformer,0,drift,3,0.5499999821186066,39.2020378112793,12283.84765625,0.3096774193548387,0.592741935483871,16.572790145874023
FD004,transformer,0,drift,4,0.7749999910593033,46.146419525146484,22680.69140625,0.36733870967741933,0.4435483870967742,16.572790145874023
FD004,transformer,0,drift,5,1.0,50.94289779663086,35219.125,0.4032258064516129,0.35080645161290325,16.572790145874023
FD004,transformer,1,accuracy,0,0.0,15.4490327835083,1682.043212890625,0.09629032258064517,0.9516129032258065,15.4490327835083
FD004,transformer,1,accuracy,1,0.05000007152557373,15.491891860961914,1636.9666748046875,0.09508064516129032,0.9516129032258065,15.4490327835083
FD004,transformer,1,accuracy,2,0.1875,16.02151870727539,1381.729248046875,0.08056451612903227,0.9556451612903226,15.4490327835083
FD004,transformer,1,accuracy,3,0.32499992847442627,18.761173248291016,2110.5224609375,0.05967741935483872,0.9435483870967742,15.4490327835083
FD004,transformer,1,accuracy,4,0.4624999761581421,18.195323944091797,1733.813720703125,0.06645161290322579,0.9758064516129032,15.4490327835083
FD004,transformer,1,accuracy,5,0.5999999642372131,22.682878494262695,2927.8837890625,0.06387096774193549,0.9153225806451613,15.4490327835083
FD004,transformer,1,accuracy_bias,0,0.0,15.4490327835083,1682.043212890625,0.09629032258064517,0.9516129032258065,15.4490327835083
FD004,transformer,1,accuracy_bias,1,0.05000007152557373,15.553680419921875,1695.4654541015625,0.0906451612903226,0.9475806451612904,15.4490327835083
FD004,transformer,1,accuracy_bias,2,0.1875,17.30937385559082,1998.209228515625,0.07379032258064518,0.9475806451612904,15.4490327835083
FD004,transformer,1,accuracy_bias,3,0.32499992847442627,20.60847282409668,2111.26904296875,0.08588709677419352,0.9153225806451613,15.4490327835083
FD004,transformer,1,accuracy_bias,4,0.4624999761581421,25.36446189880371,4084.602294921875,0.1290322580645161,0.907258064516129,15.4490327835083
FD004,transformer,1,accuracy_bias,5,0.5999999642372131,31.539243698120117,12232.962890625,0.17903225806451611,0.8467741935483871,15.4490327835083
FD004,transformer,1,completeness_MCAR,0,0.0,15.4490327835083,1682.043212890625,0.09629032258064517,0.9516129032258065,15.4490327835083
FD004,transformer,1,completeness_MCAR,1,0.050845980644226074,15.52022647857666,1471.953857421875,0.09750000000000002,0.9596774193548387,15.4490327835083
FD004,transformer,1,completeness_MCAR,2,0.16276884078979492,15.592255592346191,1491.13134765625,0.08459677419354841,0.9475806451612904,15.4490327835083
FD004,transformer,1,completeness_MCAR,3,0.2758064866065979,16.72079849243164,1583.88623046875,0.06983870967741938,0.9354838709677419,15.4490327835083
FD004,transformer,1,completeness_MCAR,4,0.3872470259666443,18.786664962768555,4456.046875,0.07193548387096775,0.9112903225806451,15.4490327835083
FD004,transformer,1,completeness_MCAR,5,0.5002846717834473,16.877784729003906,1788.5172119140625,0.06854838709677422,0.9153225806451613,15.4490327835083
FD004,transformer,1,completeness_MAR,0,0.0,15.4490327835083,1682.043212890625,0.09629032258064517,0.9516129032258065,15.4490327835083
FD004,transformer,1,completeness_MAR,1,0.05031627416610718,15.522102355957031,1751.7677001953125,0.09120967741935485,0.9475806451612904,15.4490327835083
FD004,transformer,1,completeness_MAR,2,0.16413664817810059,15.482597351074219,1367.63525390625,0.08338709677419356,0.9516129032258065,15.4490327835083
FD004,transformer,1,completeness_MAR,3,0.2778462767601013,16.430688858032227,1747.49755859375,0.08338709677419356,0.9516129032258065,15.4490327835083
FD004,transformer,1,completeness_MAR,4,0.3907812237739563,17.330432891845703,1863.693603515625,0.07233870967741937,0.9193548387096774,15.4490327835083
FD004,transformer,1,completeness_MAR,5,0.5040954947471619,17.92909812927246,1826.225830078125,0.053225806451612914,0.8991935483870968,15.4490327835083
FD004,transformer,1,completeness_MNAR,0,0.0,15.4490327835083,1682.043212890625,0.09629032258064517,0.9516129032258065,15.4490327835083
FD004,transformer,1,completeness_MNAR,1,0.05043482780456543,15.492109298706055,1678.99560546875,0.09548387096774194,0.9516129032258065,15.4490327835083
FD004,transformer,1,completeness_MNAR,2,0.16331440210342407,17.283695220947266,2459.2099609375,0.07491935483870969,0.9395161290322581,15.4490327835083
FD004,transformer,1,completeness_MNAR,3,0.2761306166648865,17.075435638427734,2582.29833984375,0.06459677419354841,0.9233870967741935,15.4490327835083
FD004,transformer,1,completeness_MNAR,4,0.3883855938911438,19.05830192565918,2789.26513671875,0.057177419354838735,0.9274193548387096,15.4490327835083
FD004,transformer,1,completeness_MNAR,5,0.500118613243103,30.717727661132812,122288.875,0.1278225806451613,0.7056451612903226,15.4490327835083
FD004,transformer,1,timeliness,0,0.0,15.4490327835083,1682.043212890625,0.09629032258064517,0.9516129032258065,15.4490327835083
FD004,transformer,1,timeliness,1,0.15384620428085327,15.493941307067871,1561.641357421875,0.08822580645161292,0.9596774193548387,15.4490327835083
FD004,transformer,1,timeliness,2,0.38461536169052124,18.4942569732666,2215.16650390625,0.07306451612903228,0.9354838709677419,15.4490327835083
FD004,transformer,1,timeliness,3,0.5384615361690521,21.276782989501953,3944.513427734375,0.06258064516129033,0.9193548387096774,15.4490327835083
FD004,transformer,1,timeliness,4,0.7692307680845261,23.069805145263672,5144.634765625,0.06572580645161291,0.8870967741935484,15.4490327835083
FD004,transformer,1,timeliness,5,1.0,25.152965545654297,11809.25,0.09193548387096775,0.8629032258064516,15.4490327835083
FD004,transformer,1,consistency,0,0.0,15.4490327835083,1682.043212890625,0.09629032258064517,0.9516129032258065,15.4490327835083
FD004,transformer,1,consistency,1,0.052941203117370605,16.290782928466797,1300.410888671875,0.08862903225806451,0.9556451612903226,15.4490327835083
FD004,transformer,1,consistency,2,0.17205893993377686,21.80976104736328,2557.1435546875,0.14233870967741935,0.8991935483870968,15.4490327835083
FD004,transformer,1,consistency,3,0.29117637872695923,24.0408935546875,2927.30224609375,0.14838709677419354,0.907258064516129,15.4490327835083
FD004,transformer,1,consistency,4,0.4102941155433655,25.148754119873047,5047.5068359375,0.12419354838709676,0.8669354838709677,15.4490327835083
FD004,transformer,1,consistency,5,0.5294117629528046,56.059593200683594,135930.4375,0.435483870967742,0.3064516129032258,15.4490327835083
FD004,transformer,1,drift,0,0.0,15.4490327835083,1682.043212890625,0.09629032258064517,0.9516129032258065,15.4490327835083
FD004,transformer,1,drift,1,0.09999996423721313,16.19325065612793,1313.0355224609375,0.09225806451612903,0.9556451612903226,15.4490327835083
FD004,transformer,1,drift,2,0.32499992847442627,28.50870132446289,4551.294921875,0.2314516129032258,0.8225806451612904,15.4490327835083
FD004,transformer,1,drift,3,0.5499999821186066,43.17280960083008,19019.376953125,0.35524193548387095,0.5201612903225806,15.4490327835083
FD004,transformer,1,drift,4,0.7749999910593033,52.097164154052734,42505.79296875,0.4052419354838709,0.375,15.4490327835083
FD004,transformer,1,drift,5,1.0,56.85584259033203,64980.296875,0.4185483870967742,0.32661290322580644,15.4490327835083
FD004,transformer,2,accuracy,0,0.0,16.760726928710938,1746.898681640625,0.05693548387096775,0.9274193548387096,16.760726928710938
FD004,transformer,2,accuracy,1,0.05000007152557373,16.75261688232422,1667.9461669921875,0.05975806451612905,0.9395161290322581,16.760726928710938
FD004,transformer,2,accuracy,2,0.1875,17.675804138183594,1733.3994140625,0.03903225806451615,0.9193548387096774,16.760726928710938
FD004,transformer,2,accuracy,3,0.32499992847442627,19.891847610473633,2271.54736328125,0.025806451612903236,0.8951612903225806,16.760726928710938
FD004,transformer,2,accuracy,4,0.4624999761581421,22.633346557617188,4185.0439453125,0.06693548387096773,0.875,16.760726928710938
FD004,transformer,2,accuracy,5,0.5999999642372131,23.72319793701172,3504.074462890625,0.09838709677419352,0.8467741935483871,16.760726928710938
FD004,transformer,2,accuracy_bias,0,0.0,16.760726928710938,1746.898681640625,0.05693548387096775,0.9274193548387096,16.760726928710938
FD004,transformer,2,accuracy_bias,1,0.05000007152557373,16.696317672729492,2094.675537109375,0.06120967741935486,0.9395161290322581,16.760726928710938
FD004,transformer,2,accuracy_bias,2,0.1875,18.28937339782715,1893.8133544921875,0.056854838709677405,0.9153225806451613,16.760726928710938
FD004,transformer,2,accuracy_bias,3,0.32499992847442627,23.112852096557617,3060.62353515625,0.15967741935483867,0.8669354838709677,16.760726928710938
FD004,transformer,2,accuracy_bias,4,0.4624999761581421,28.974828720092773,8831.09375,0.2294354838709677,0.7620967741935484,16.760726928710938
FD004,transformer,2,accuracy_bias,5,0.5999999642372131,34.925941467285156,13210.1337890625,0.2895161290322581,0.6330645161290323,16.760726928710938
FD004,transformer,2,completeness_MCAR,0,0.0,16.760726928710938,1746.898681640625,0.05693548387096775,0.9274193548387096,16.760726928710938
FD004,transformer,2,completeness_MCAR,1,0.050845980644226074,16.207231521606445,1477.02392578125,0.05491935483870969,0.9314516129032258,16.760726928710938
FD004,transformer,2,completeness_MCAR,2,0.16276884078979492,17.29144859313965,2678.703125,0.05314516129032258,0.9274193548387096,16.760726928710938
FD004,transformer,2,completeness_MCAR,3,0.2758064866065979,18.020959854125977,2061.203125,0.04516129032258066,0.8951612903225806,16.760726928710938
FD004,transformer,2,completeness_MCAR,4,0.3872470259666443,18.866426467895508,2462.843994140625,0.07096774193548389,0.907258064516129,16.760726928710938
FD004,transformer,2,completeness_MCAR,5,0.5002846717834473,19.374887466430664,2903.45263671875,0.06129032258064517,0.8830645161290323,16.760726928710938
FD004,transformer,2,completeness_MAR,0,0.0,16.760726928710938,1746.898681640625,0.05693548387096775,0.9274193548387096,16.760726928710938
FD004,transformer,2,completeness_MAR,1,0.05031627416610718,17.039844512939453,2038.1219482421875,0.05209677419354841,0.9435483870967742,16.760726928710938
FD004,transformer,2,completeness_MAR,2,0.16413664817810059,16.987213134765625,1942.081787109375,0.049919354838709684,0.9395161290322581,16.760726928710938
FD004,transformer,2,completeness_MAR,3,0.2778462767601013,17.48113441467285,2035.09619140625,0.0495967741935484,0.8951612903225806,16.760726928710938
FD004,transformer,2,completeness_MAR,4,0.3907812237739563,16.994935989379883,1715.8004150390625,0.06370967741935485,0.8991935483870968,16.760726928710938
FD004,transformer,2,completeness_MAR,5,0.5040954947471619,18.874467849731445,2242.3955078125,0.06653225806451615,0.8790322580645161,16.760726928710938
FD004,transformer,2,completeness_MNAR,0,0.0,16.760726928710938,1746.898681640625,0.05693548387096775,0.9274193548387096,16.760726928710938
FD004,transformer,2,completeness_MNAR,1,0.05043482780456543,16.308183670043945,1789.5882568359375,0.06000000000000001,0.9314516129032258,16.760726928710938
FD004,transformer,2,completeness_MNAR,2,0.16331440210342407,17.64390754699707,2517.693359375,0.0488709677419355,0.9314516129032258,16.760726928710938
FD004,transformer,2,completeness_MNAR,3,0.2761306166648865,18.367460250854492,3752.078125,0.06572580645161291,0.9233870967741935,16.760726928710938
FD004,transformer,2,completeness_MNAR,4,0.3883855938911438,20.545766830444336,5673.05029296875,0.08387096774193549,0.8508064516129032,16.760726928710938
FD004,transformer,2,completeness_MNAR,5,0.500118613243103,33.90188980102539,231794.21875,0.1741935483870968,0.6411290322580645,16.760726928710938
FD004,transformer,2,timeliness,0,0.0,16.760726928710938,1746.898681640625,0.05693548387096775,0.9274193548387096,16.760726928710938
FD004,transformer,2,timeliness,1,0.15384620428085327,17.010467529296875,1757.044921875,0.05975806451612904,0.9274193548387096,16.760726928710938
FD004,transformer,2,timeliness,2,0.38461536169052124,18.20615577697754,2186.281494140625,0.06975806451612905,0.8669354838709677,16.760726928710938
FD004,transformer,2,timeliness,3,0.5384615361690521,21.116910934448242,5194.1318359375,0.07500000000000001,0.842741935483871,16.760726928710938
FD004,transformer,2,timeliness,4,0.7692307680845261,24.110355377197266,10523.5595703125,0.08112903225806453,0.7903225806451613,16.760726928710938
FD004,transformer,2,timeliness,5,1.0,27.122222900390625,29382.595703125,0.12338709677419357,0.7620967741935484,16.760726928710938
FD004,transformer,2,consistency,0,0.0,16.760726928710938,1746.898681640625,0.05693548387096775,0.9274193548387096,16.760726928710938
FD004,transformer,2,consistency,1,0.052941203117370605,18.49294090270996,1813.564208984375,0.07661290322580644,0.9112903225806451,16.760726928710938
FD004,transformer,2,consistency,2,0.17205893993377686,24.740259170532227,3559.908203125,0.23709677419354835,0.7661290322580645,16.760726928710938
FD004,transformer,2,consistency,3,0.29117637872695923,24.09535789489746,2999.62744140625,0.20443548387096772,0.8145161290322581,16.760726928710938
FD004,transformer,2,consistency,4,0.4102941155433655,29.59978675842285,5669.869140625,0.2633064516129032,0.7258064516129032,16.760726928710938
FD004,transformer,2,consistency,5,0.5294117629528046,54.22696304321289,83825.640625,0.469758064516129,0.17338709677419356,16.760726928710938
FD004,transformer,2,drift,0,0.0,16.760726928710938,1746.898681640625,0.05693548387096775,0.9274193548387096,16.760726928710938
FD004,transformer,2,drift,1,0.09999996423721313,19.03934669494629,1815.9921875,0.06387096774193547,0.9153225806451613,16.760726928710938
FD004,transformer,2,drift,2,0.32499992847442627,30.333972930908203,5899.0546875,0.2681451612903226,0.7419354838709677,16.760726928710938
FD004,transformer,2,drift,3,0.5499999821186066,42.18711853027344,16781.6484375,0.37741935483870964,0.45161290322580644,16.760726928710938
FD004,transformer,2,drift,4,0.7749999910593033,50.35567092895508,35253.7421875,0.4237903225806451,0.2862903225806452,16.760726928710938
FD004,transformer,2,drift,5,1.0,55.90535354614258,60507.58984375,0.4463709677419355,0.23790322580645162,16.760726928710938
FD004,transformer,3,accuracy,0,0.0,16.744693756103516,1892.987548828125,0.07370967741935484,0.9556451612903226,16.744693756103516
FD004,transformer,3,accuracy,1,0.05000007152557373,16.863561630249023,1849.296630859375,0.07008064516129034,0.9596774193548387,16.744693756103516
FD004,transformer,3,accuracy,2,0.1875,16.752336502075195,1381.51806640625,0.061209677419354847,0.9637096774193549,16.744693756103516
FD004,transformer,3,accuracy,3,0.32499992847442627,20.0968017578125,2459.47314453125,0.036048387096774215,0.8991935483870968,16.744693756103516
FD004,transformer,3,accuracy,4,0.4624999761581421,20.203109741210938,2774.193359375,0.054032258064516114,0.9153225806451613,16.744693756103516
FD004,transformer,3,accuracy,5,0.5999999642372131,23.465105056762695,3044.775634765625,0.061290322580645165,0.8669354838709677,16.744693756103516
FD004,transformer,3,accuracy_bias,0,0.0,16.744693756103516,1892.987548828125,0.07370967741935484,0.9556451612903226,16.744693756103516
FD004,transformer,3,accuracy_bias,1,0.05000007152557373,16.75516128540039,1987.4222412109375,0.07137096774193548,0.9556451612903226,16.744693756103516
FD004,transformer,3,accuracy_bias,2,0.1875,17.46161460876465,1848.0386962890625,0.06096774193548386,0.9314516129032258,16.744693756103516
FD004,transformer,3,accuracy_bias,3,0.32499992847442627,20.611318588256836,2049.307861328125,0.10725806451612903,0.8991935483870968,16.744693756103516
FD004,transformer,3,accuracy_bias,4,0.4624999761581421,26.34469985961914,6356.421875,0.16733870967741932,0.8104838709677419,16.744693756103516
FD004,transformer,3,accuracy_bias,5,0.5999999642372131,30.848466873168945,10730.26953125,0.194758064516129,0.7701612903225806,16.744693756103516
FD004,transformer,3,completeness_MCAR,0,0.0,16.744693756103516,1892.987548828125,0.07370967741935484,0.9556451612903226,16.744693756103516
FD004,transformer,3,completeness_MCAR,1,0.050845980644226074,16.354461669921875,1857.7186279296875,0.07532258064516131,0.967741935483871,16.744693756103516
FD004,transformer,3,completeness_MCAR,2,0.16276884078979492,17.290193557739258,2822.490234375,0.07088709677419355,0.9435483870967742,16.744693756103516
FD004,transformer,3,completeness_MCAR,3,0.2758064866065979,17.623382568359375,2773.819580078125,0.05193548387096776,0.9395161290322581,16.744693756103516
FD004,transformer,3,completeness_MCAR,4,0.3872470259666443,18.57977294921875,2651.245361328125,0.043306451612903245,0.9233870967741935,16.744693756103516
FD004,transformer,3,completeness_MCAR,5,0.5002846717834473,18.666444778442383,2410.634521484375,0.05056451612903227,0.9032258064516129,16.744693756103516
FD004,transformer,3,completeness_MAR,0,0.0,16.744693756103516,1892.987548828125,0.07370967741935484,0.9556451612903226,16.744693756103516
FD004,transformer,3,completeness_MAR,1,0.05031627416610718,16.64742660522461,1604.9466552734375,0.07129032258064516,0.9596774193548387,16.744693756103516
FD004,transformer,3,completeness_MAR,2,0.16413664817810059,16.113948822021484,1545.4088134765625,0.07653225806451613,0.967741935483871,16.744693756103516
FD004,transformer,3,completeness_MAR,3,0.2778462767601013,16.366907119750977,1589.6729736328125,0.0660483870967742,0.9274193548387096,16.744693756103516
FD004,transformer,3,completeness_MAR,4,0.3907812237739563,17.258319854736328,1601.7442626953125,0.06120967741935483,0.9314516129032258,16.744693756103516
FD004,transformer,3,completeness_MAR,5,0.5040954947471619,19.593990325927734,2604.388671875,0.028306451612903228,0.8629032258064516,16.744693756103516
FD004,transformer,3,completeness_MNAR,0,0.0,16.744693756103516,1892.987548828125,0.07370967741935484,0.9556451612903226,16.744693756103516
FD004,transformer,3,completeness_MNAR,1,0.05043482780456543,16.580093383789062,1749.2265625,0.06927419354838711,0.9395161290322581,16.744693756103516
FD004,transformer,3,completeness_MNAR,2,0.16331440210342407,16.979034423828125,1714.3382568359375,0.06241935483870968,0.9435483870967742,16.744693756103516
FD004,transformer,3,completeness_MNAR,3,0.2761306166648865,18.08143424987793,3351.470458984375,0.05524193548387098,0.9354838709677419,16.744693756103516
FD004,transformer,3,completeness_MNAR,4,0.3883855938911438,20.241640090942383,2863.410400390625,0.03669354838709679,0.8870967741935484,16.744693756103516
FD004,transformer,3,completeness_MNAR,5,0.500118613243103,31.126811981201172,139170.40625,0.1395161290322581,0.7056451612903226,16.744693756103516
FD004,transformer,3,timeliness,0,0.0,16.744693756103516,1892.987548828125,0.07370967741935484,0.9556451612903226,16.744693756103516
FD004,transformer,3,timeliness,1,0.15384620428085327,16.651620864868164,1612.97998046875,0.07306451612903227,0.9596774193548387,16.744693756103516
FD004,transformer,3,timeliness,2,0.38461536169052124,18.936845779418945,2181.479736328125,0.07862903225806453,0.8991935483870968,16.744693756103516
FD004,transformer,3,timeliness,3,0.5384615361690521,20.955570220947266,5168.1923828125,0.07258064516129034,0.8870967741935484,16.744693756103516
FD004,transformer,3,timeliness,4,0.7692307680845261,25.44963264465332,11729.8359375,0.06580645161290324,0.8266129032258065,16.744693756103516
FD004,transformer,3,timeliness,5,1.0,26.964387893676758,30200.25,0.10451612903225808,0.8145161290322581,16.744693756103516
FD004,transformer,3,consistency,0,0.0,16.744693756103516,1892.987548828125,0.07370967741935484,0.9556451612903226,16.744693756103516
FD004,transformer,3,consistency,1,0.052941203117370605,17.39056396484375,1629.4283447265625,0.059999999999999984,0.9395161290322581,16.744693756103516
FD004,transformer,3,consistency,2,0.17205893993377686,22.13245964050293,2955.2314453125,0.18346774193548387,0.782258064516129,16.744693756103516
FD004,transformer,3,consistency,3,0.29117637872695923,18.145652770996094,1456.497802734375,0.07137096774193545,0.9475806451612904,16.744693756103516
FD004,transformer,3,consistency,4,0.4102941155433655,31.886425018310547,10771.619140625,0.26411290322580644,0.6370967741935484,16.744693756103516
FD004,transformer,3,consistency,5,0.5294117629528046,45.23130798339844,42469.125,0.407258064516129,0.36693548387096775,16.744693756103516
FD004,transformer,3,drift,0,0.0,16.744693756103516,1892.987548828125,0.07370967741935484,0.9556451612903226,16.744693756103516
FD004,transformer,3,drift,1,0.09999996423721313,18.138601303100586,1516.2996826171875,0.06935483870967739,0.9354838709677419,16.744693756103516
FD004,transformer,3,drift,2,0.32499992847442627,29.612934112548828,5321.83349609375,0.2629032258064516,0.75,16.744693756103516
FD004,transformer,3,drift,3,0.5499999821186066,43.07743835449219,17699.27734375,0.3798387096774194,0.43548387096774194,16.744693756103516
FD004,transformer,3,drift,4,0.7749999910593033,51.72591781616211,38387.13671875,0.425,0.2862903225806452,16.744693756103516
FD004,transformer,3,drift,5,1.0,56.92100524902344,62322.41015625,0.44516129032258067,0.2056451612903226,16.744693756103516
FD004,transformer,4,accuracy,0,0.0,16.781387329101562,2070.46826171875,0.12741935483870967,0.9798387096774194,16.781387329101562
FD004,transformer,4,accuracy,1,0.05000007152557373,16.652450561523438,1944.493408203125,0.12540322580645163,0.9798387096774194,16.781387329101562
FD004,transformer,4,accuracy,2,0.1875,17.823144912719727,1863.087158203125,0.1181451612903226,0.9798387096774194,16.781387329101562
FD004,transformer,4,accuracy,3,0.32499992847442627,20.611860275268555,2269.70654296875,0.09919354838709679,0.9879032258064516,16.781387329101562
FD004,transformer,4,accuracy,4,0.4624999761581421,22.38644027709961,3581.4296875,0.10475806451612901,0.9717741935483871,16.781387329101562
FD004,transformer,4,accuracy,5,0.5999999642372131,25.329790115356445,4285.52734375,0.09604838709677418,0.9717741935483871,16.781387329101562
FD004,transformer,4,accuracy_bias,0,0.0,16.781387329101562,2070.46826171875,0.12741935483870967,0.9798387096774194,16.781387329101562
FD004,transformer,4,accuracy_bias,1,0.05000007152557373,16.990966796875,2230.972412109375,0.12943548387096776,0.9798387096774194,16.781387329101562
FD004,transformer,4,accuracy_bias,2,0.1875,18.951770782470703,2095.52490234375,0.1096774193548387,0.9596774193548387,16.781387329101562
FD004,transformer,4,accuracy_bias,3,0.32499992847442627,22.42799186706543,3135.366943359375,0.10475806451612901,0.967741935483871,16.781387329101562
FD004,transformer,4,accuracy_bias,4,0.4624999761581421,27.166507720947266,5949.6640625,0.11532258064516125,0.9354838709677419,16.781387329101562
FD004,transformer,4,accuracy_bias,5,0.5999999642372131,31.440608978271484,9598.3525390625,0.14516129032258066,0.9112903225806451,16.781387329101562
FD004,transformer,4,completeness_MCAR,0,0.0,16.781387329101562,2070.46826171875,0.12741935483870967,0.9798387096774194,16.781387329101562
FD004,transformer,4,completeness_MCAR,1,0.050845980644226074,16.674232482910156,1800.1492919921875,0.1286290322580645,0.9838709677419355,16.781387329101562
FD004,transformer,4,completeness_MCAR,2,0.16276884078979492,17.238534927368164,2291.26416015625,0.12056451612903225,0.9758064516129032,16.781387329101562
FD004,transformer,4,completeness_MCAR,3,0.2758064866065979,15.9738130569458,1407.1781005859375,0.1185483870967742,0.9758064516129032,16.781387329101562
FD004,transformer,4,completeness_MCAR,4,0.3872470259666443,19.1890926361084,3298.95654296875,0.10556451612903231,0.9516129032258065,16.781387329101562
FD004,transformer,4,completeness_MCAR,5,0.5002846717834473,17.88735008239746,2797.83740234375,0.10766129032258065,0.9354838709677419,16.781387329101562
FD004,transformer,4,completeness_MAR,0,0.0,16.781387329101562,2070.46826171875,0.12741935483870967,0.9798387096774194,16.781387329101562
FD004,transformer,4,completeness_MAR,1,0.05031627416610718,17.137205123901367,2364.3125,0.12540322580645163,0.9838709677419355,16.781387329101562
FD004,transformer,4,completeness_MAR,2,0.16413664817810059,15.997361183166504,1673.6424560546875,0.11975806451612905,0.9798387096774194,16.781387329101562
FD004,transformer,4,completeness_MAR,3,0.2778462767601013,17.42185401916504,2478.44482421875,0.1225806451612903,0.9798387096774194,16.781387329101562
FD004,transformer,4,completeness_MAR,4,0.3907812237739563,17.248708724975586,1865.873779296875,0.11330645161290323,0.9798387096774194,16.781387329101562
FD004,transformer,4,completeness_MAR,5,0.5040954947471619,17.07036590576172,1895.9483642578125,0.1004032258064516,0.9596774193548387,16.781387329101562
FD004,transformer,4,completeness_MNAR,0,0.0,16.781387329101562,2070.46826171875,0.12741935483870967,0.9798387096774194,16.781387329101562
FD004,transformer,4,completeness_MNAR,1,0.05043482780456543,17.142229080200195,2188.56298828125,0.1225806451612903,0.9758064516129032,16.781387329101562
FD004,transformer,4,completeness_MNAR,2,0.16331440210342407,17.298437118530273,2130.7451171875,0.11645161290322581,0.9798387096774194,16.781387329101562
FD004,transformer,4,completeness_MNAR,3,0.2761306166648865,18.97394371032715,4619.193359375,0.105241935483871,0.967741935483871,16.781387329101562
FD004,transformer,4,completeness_MNAR,4,0.3883855938911438,21.20271110534668,5857.2763671875,0.08983870967741939,0.9516129032258065,16.781387329101562
FD004,transformer,4,completeness_MNAR,5,0.500118613243103,30.724613189697266,132961.8125,0.14153225806451616,0.907258064516129,16.781387329101562
FD004,transformer,4,timeliness,0,0.0,16.781387329101562,2070.46826171875,0.12741935483870967,0.9798387096774194,16.781387329101562
FD004,transformer,4,timeliness,1,0.15384620428085327,16.727121353149414,1789.9752197265625,0.12258064516129034,0.9919354838709677,16.781387329101562
FD004,transformer,4,timeliness,2,0.38461536169052124,17.421310424804688,1417.243896484375,0.11524193548387096,0.9879032258064516,16.781387329101562
FD004,transformer,4,timeliness,3,0.5384615361690521,21.589038848876953,4197.07177734375,0.10032258064516131,0.967741935483871,16.781387329101562
FD004,transformer,4,timeliness,4,0.7692307680845261,26.305286407470703,13096.427734375,0.07048387096774195,0.9233870967741935,16.781387329101562
FD004,transformer,4,timeliness,5,1.0,27.416061401367188,13415.4609375,0.08032258064516132,0.9516129032258065,16.781387329101562
FD004,transformer,4,consistency,0,0.0,16.781387329101562,2070.46826171875,0.12741935483870967,0.9798387096774194,16.781387329101562
FD004,transformer,4,consistency,1,0.052941203117370605,18.005571365356445,2159.335693359375,0.11129032258064515,0.9758064516129032,16.781387329101562
FD004,transformer,4,consistency,2,0.17205893993377686,23.536453247070312,3574.8505859375,0.13588709677419356,0.9314516129032258,16.781387329101562
FD004,transformer,4,consistency,3,0.29117637872695923,23.328889846801758,3836.830078125,0.09749999999999999,0.9596774193548387,16.781387329101562
FD004,transformer,4,consistency,4,0.4102941155433655,26.149539947509766,4429.45068359375,0.1225806451612903,0.9193548387096774,16.781387329101562
FD004,transformer,4,consistency,5,0.5294117629528046,45.397090911865234,66666.890625,0.32782258064516123,0.5120967741935484,16.781387329101562
FD004,transformer,4,drift,0,0.0,16.781387329101562,2070.46826171875,0.12741935483870967,0.9798387096774194,16.781387329101562
FD004,transformer,4,drift,1,0.09999996423721313,17.903093338012695,1673.30322265625,0.12491935483870967,0.9879032258064516,16.781387329101562
FD004,transformer,4,drift,2,0.32499992847442627,26.979116439819336,4364.35302734375,0.17088709677419356,0.9637096774193549,16.781387329101562
FD004,transformer,4,drift,3,0.5499999821186066,36.067138671875,11184.875,0.2504032258064516,0.907258064516129,16.781387329101562
FD004,transformer,4,drift,4,0.7749999910593033,42.34405517578125,19245.548828125,0.29879032258064514,0.8225806451612904,16.781387329101562
FD004,transformer,4,drift,5,1.0,45.80489730834961,27059.94140625,0.3258064516129032,0.7258064516129032,16.781387329101562
FD004,pinn,0,accuracy,0,0.0,16.161474227905273,1488.099853515625,0.04717741935483872,0.8951612903225806,16.161474227905273
FD004,pinn,0,accuracy,1,0.05000007152557373,16.282541275024414,1431.5926513671875,0.04838709677419355,0.8991935483870968,16.161474227905273
FD004,pinn,0,accuracy,2,0.1875,17.068878173828125,1456.8753662109375,0.03927419354838709,0.8951612903225806,16.161474227905273
FD004,pinn,0,accuracy,3,0.32499992847442627,16.93867301940918,1420.0875244140625,0.03177419354838708,0.875,16.161474227905273
FD004,pinn,0,accuracy,4,0.4624999761581421,19.432025909423828,3519.6171875,0.04459677419354837,0.8508064516129032,16.161474227905273
FD004,pinn,0,accuracy,5,0.5999999642372131,22.008113861083984,2524.055908203125,0.05919354838709676,0.8145161290322581,16.161474227905273
FD004,pinn,0,accuracy_bias,0,0.0,16.161474227905273,1488.099853515625,0.04717741935483872,0.8951612903225806,16.161474227905273
FD004,pinn,0,accuracy_bias,1,0.05000007152557373,16.080570220947266,1526.2047119140625,0.05161290322580645,0.8991935483870968,16.161474227905273
FD004,pinn,0,accuracy_bias,2,0.1875,16.420143127441406,1285.492431640625,0.04653225806451613,0.9032258064516129,16.161474227905273
FD004,pinn,0,accuracy_bias,3,0.32499992847442627,17.951587677001953,1565.0045166015625,0.06532258064516126,0.8911290322580645,16.161474227905273
FD004,pinn,0,accuracy_bias,4,0.4624999761581421,20.548349380493164,3308.74365234375,0.08145161290322579,0.8548387096774194,16.161474227905273
FD004,pinn,0,accuracy_bias,5,0.5999999642372131,20.898170471191406,2266.40771484375,0.06338709677419353,0.8306451612903226,16.161474227905273
FD004,pinn,0,completeness_MCAR,0,0.0,16.161474227905273,1488.099853515625,0.04717741935483872,0.8951612903225806,16.161474227905273
FD004,pinn,0,completeness_MCAR,1,0.050845980644226074,15.399357795715332,1124.328857421875,0.05395161290322581,0.9233870967741935,16.161474227905273
FD004,pinn,0,completeness_MCAR,2,0.16276884078979492,16.128780364990234,2079.73095703125,0.04112903225806451,0.9153225806451613,16.161474227905273
FD004,pinn,0,completeness_MCAR,3,0.2758064866065979,16.751731872558594,2094.26953125,0.047258064516129,0.8911290322580645,16.161474227905273
FD004,pinn,0,completeness_MCAR,4,0.3872470259666443,18.56777000427246,3120.30908203125,0.03749999999999999,0.8790322580645161,16.161474227905273
FD004,pinn,0,completeness_MCAR,5,0.5002846717834473,16.951602935791016,1882.6256103515625,0.03814516129032256,0.8911290322580645,16.161474227905273
FD004,pinn,0,completeness_MAR,0,0.0,16.161474227905273,1488.099853515625,0.04717741935483872,0.8951612903225806,16.161474227905273
FD004,pinn,0,completeness_MAR,1,0.05031627416610718,15.823872566223145,1530.6612548828125,0.05846774193548386,0.907258064516129,16.161474227905273
FD004,pinn,0,completeness_MAR,2,0.16413664817810059,16.054019927978516,1345.2633056640625,0.056370967741935486,0.9193548387096774,16.161474227905273
FD004,pinn,0,completeness_MAR,3,0.2778462767601013,16.828399658203125,1813.677001953125,0.05451612903225804,0.8870967741935484,16.161474227905273
FD004,pinn,0,completeness_MAR,4,0.3907812237739563,17.496171951293945,1337.6025390625,0.05362903225806448,0.8951612903225806,16.161474227905273
FD004,pinn,0,completeness_MAR,5,0.5040954947471619,17.922025680541992,1692.34765625,0.06096774193548384,0.8266129032258065,16.161474227905273
FD004,pinn,0,completeness_MNAR,0,0.0,16.161474227905273,1488.099853515625,0.04717741935483872,0.8951612903225806,16.161474227905273
FD004,pinn,0,completeness_MNAR,1,0.05043482780456543,16.56171989440918,1517.7779541015625,0.050806451612903224,0.907258064516129,16.161474227905273
FD004,pinn,0,completeness_MNAR,2,0.16331440210342407,17.484865188598633,3611.38330078125,0.04443548387096772,0.8870967741935484,16.161474227905273
FD004,pinn,0,completeness_MNAR,3,0.2761306166648865,18.87527847290039,3119.6728515625,0.0454032258064516,0.8669354838709677,16.161474227905273
FD004,pinn,0,completeness_MNAR,4,0.3883855938911438,21.258502960205078,3379.12109375,0.07169354838709677,0.7741935483870968,16.161474227905273
FD004,pinn,0,completeness_MNAR,5,0.500118613243103,29.235952377319336,10995.736328125,0.12411290322580644,0.5725806451612904,16.161474227905273
FD004,pinn,0,timeliness,0,0.0,16.161474227905273,1488.099853515625,0.04717741935483872,0.8951612903225806,16.161474227905273
FD004,pinn,0,timeliness,1,0.15384620428085327,16.134185791015625,1316.4310302734375,0.04032258064516129,0.9032258064516129,16.161474227905273
FD004,pinn,0,timeliness,2,0.38461536169052124,18.37948226928711,2906.3896484375,0.06330645161290324,0.875,16.161474227905273
FD004,pinn,0,timeliness,3,0.5384615361690521,20.753263473510742,6455.5732421875,0.05556451612903226,0.8346774193548387,16.161474227905273
FD004,pinn,0,timeliness,4,0.7692307680845261,24.826595306396484,17399.369140625,0.07822580645161294,0.7943548387096774,16.161474227905273
FD004,pinn,0,timeliness,5,1.0,28.543546676635742,16307.720703125,0.10975806451612906,0.6814516129032258,16.161474227905273
FD004,pinn,0,consistency,0,0.0,16.161474227905273,1488.099853515625,0.04717741935483872,0.8951612903225806,16.161474227905273
FD004,pinn,0,consistency,1,0.052941203117370605,16.465456008911133,1359.005615234375,0.07419354838709676,0.8951612903225806,16.161474227905273
FD004,pinn,0,consistency,2,0.17205893993377686,19.26001739501953,1974.4697265625,0.1286290322580645,0.7701612903225806,16.161474227905273
FD004,pinn,0,consistency,3,0.29117637872695923,17.271085739135742,1891.142822265625,0.04637096774193551,0.9112903225806451,16.161474227905273
FD004,pinn,0,consistency,4,0.4102941155433655,17.06978416442871,1352.8934326171875,0.03427419354838708,0.9112903225806451,16.161474227905273
FD004,pinn,0,consistency,5,0.5294117629528046,27.68161964416504,6337.7841796875,0.2282258064516129,0.5564516129032258,16.161474227905273
FD004,pinn,0,drift,0,0.0,16.161474227905273,1488.099853515625,0.04717741935483872,0.8951612903225806,16.161474227905273
FD004,pinn,0,drift,1,0.09999996423721313,17.711957931518555,1397.109375,0.1157258064516129,0.9112903225806451,16.161474227905273
FD004,pinn,0,drift,2,0.32499992847442627,32.63240432739258,6264.01513671875,0.33951612903225803,0.6491935483870968,16.161474227905273
FD004,pinn,0,drift,3,0.5499999821186066,48.81214904785156,27823.357421875,0.4540322580645161,0.2540322580645161,16.161474227905273
FD004,pinn,0,drift,4,0.7749999910593033,59.13991165161133,70379.5390625,0.4862903225806451,0.10483870967741936,16.161474227905273
FD004,pinn,0,drift,5,1.0,65.11927032470703,122168.1484375,0.494758064516129,0.04435483870967742,16.161474227905273
FD004,pinn,1,accuracy,0,0.0,16.05557632446289,1477.3016357421875,0.08596774193548387,0.9153225806451613,16.05557632446289
FD004,pinn,1,accuracy,1,0.05000007152557373,16.145551681518555,1473.805908203125,0.08193548387096775,0.9193548387096774,16.05557632446289
FD004,pinn,1,accuracy,2,0.1875,17.588043212890625,1621.429443359375,0.07145161290322583,0.907258064516129,16.05557632446289
FD004,pinn,1,accuracy,3,0.32499992847442627,17.62051010131836,1750.0177001953125,0.06056451612903228,0.8991935483870968,16.05557632446289
FD004,pinn,1,accuracy,4,0.4624999761581421,19.144136428833008,3020.53662109375,0.054032258064516114,0.875,16.05557632446289
FD004,pinn,1,accuracy,5,0.5999999642372131,19.00665855407715,2121.204345703125,0.04612903225806451,0.9314516129032258,16.05557632446289
FD004,pinn,1,accuracy_bias,0,0.0,16.05557632446289,1477.3016357421875,0.08596774193548387,0.9153225806451613,16.05557632446289
FD004,pinn,1,accuracy_bias,1,0.05000007152557373,16.310792922973633,1557.687744140625,0.08516129032258066,0.9153225806451613,16.05557632446289
FD004,pinn,1,accuracy_bias,2,0.1875,17.143720626831055,1949.3187255859375,0.06580645161290323,0.8911290322580645,16.05557632446289
FD004,pinn,1,accuracy_bias,3,0.32499992847442627,18.575708389282227,2288.318603515625,0.04967741935483868,0.8709677419354839,16.05557632446289
FD004,pinn,1,accuracy_bias,4,0.4624999761581421,21.800085067749023,3294.882080078125,0.07749999999999999,0.8346774193548387,16.05557632446289
FD004,pinn,1,accuracy_bias,5,0.5999999642372131,23.01844596862793,3220.336181640625,0.07620967741935483,0.8387096774193549,16.05557632446289
FD004,pinn,1,completeness_MCAR,0,0.0,16.05557632446289,1477.3016357421875,0.08596774193548387,0.9153225806451613,16.05557632446289
FD004,pinn,1,completeness_MCAR,1,0.050845980644226074,15.919697761535645,1491.6182861328125,0.08475806451612904,0.9153225806451613,16.05557632446289
FD004,pinn,1,completeness_MCAR,2,0.16276884078979492,16.757179260253906,2169.337646484375,0.08274193548387097,0.907258064516129,16.05557632446289
FD004,pinn,1,completeness_MCAR,3,0.2758064866065979,16.73874282836914,2062.73974609375,0.07629032258064516,0.9233870967741935,16.05557632446289
FD004,pinn,1,completeness_MCAR,4,0.3872470259666443,19.79618263244629,2917.16357421875,0.058870967741935495,0.8790322580645161,16.05557632446289
FD004,pinn,1,completeness_MCAR,5,0.5002846717834473,18.511981964111328,2892.6484375,0.06580645161290323,0.8669354838709677,16.05557632446289
FD004,pinn,1,completeness_MAR,0,0.0,16.05557632446289,1477.3016357421875,0.08596774193548387,0.9153225806451613,16.05557632446289
FD004,pinn,1,completeness_MAR,1,0.05031627416610718,15.995450019836426,1588.562744140625,0.09080645161290324,0.9153225806451613,16.05557632446289
FD004,pinn,1,completeness_MAR,2,0.16413664817810059,16.76973533630371,1727.8223876953125,0.08395161290322581,0.9032258064516129,16.05557632446289
FD004,pinn,1,completeness_MAR,3,0.2778462767601013,16.844202041625977,1571.6728515625,0.08233870967741935,0.907258064516129,16.05557632446289
FD004,pinn,1,completeness_MAR,4,0.3907812237739563,18.114055633544922,2065.80126953125,0.07427419354838712,0.9032258064516129,16.05557632446289
FD004,pinn,1,completeness_MAR,5,0.5040954947471619,19.54473304748535,2717.533935546875,0.05895161290322583,0.8588709677419355,16.05557632446289
FD004,pinn,1,completeness_MNAR,0,0.0,16.05557632446289,1477.3016357421875,0.08596774193548387,0.9153225806451613,16.05557632446289
FD004,pinn,1,completeness_MNAR,1,0.05043482780456543,16.041540145874023,1418.4635009765625,0.07951612903225808,0.9193548387096774,16.05557632446289
FD004,pinn,1,completeness_MNAR,2,0.16331440210342407,17.793935775756836,2839.42578125,0.07991935483870968,0.907258064516129,16.05557632446289
FD004,pinn,1,completeness_MNAR,3,0.2761306166648865,17.41162109375,2912.52490234375,0.08185483870967741,0.9475806451612904,16.05557632446289
FD004,pinn,1,completeness_MNAR,4,0.3883855938911438,19.58941078186035,2312.468505859375,0.051290322580645156,0.8548387096774194,16.05557632446289
FD004,pinn,1,completeness_MNAR,5,0.500118613243103,29.60403823852539,107450.984375,0.07169354838709677,0.75,16.05557632446289
FD004,pinn,1,timeliness,0,0.0,16.05557632446289,1477.3016357421875,0.08596774193548387,0.9153225806451613,16.05557632446289
FD004,pinn,1,timeliness,1,0.15384620428085327,16.32064437866211,1448.607177734375,0.07830645161290323,0.907258064516129,16.05557632446289
FD004,pinn,1,timeliness,2,0.38461536169052124,19.32791519165039,2900.81787109375,0.09354838709677422,0.8870967741935484,16.05557632446289
FD004,pinn,1,timeliness,3,0.5384615361690521,21.95392417907715,6942.68359375,0.0838709677419355,0.8629032258064516,16.05557632446289
FD004,pinn,1,timeliness,4,0.7692307680845261,26.222442626953125,20162.8046875,0.1233870967741936,0.8145161290322581,16.05557632446289
FD004,pinn,1,timeliness,5,1.0,30.125133514404297,29727.87109375,0.13475806451612904,0.717741935483871,16.05557632446289
FD004,pinn,1,consistency,0,0.0,16.05557632446289,1477.3016357421875,0.08596774193548387,0.9153225806451613,16.05557632446289
FD004,pinn,1,consistency,1,0.052941203117370605,16.407146453857422,1496.520751953125,0.07991935483870968,0.9153225806451613,16.05557632446289
FD004,pinn,1,consistency,2,0.17205893993377686,17.805023193359375,1617.1805419921875,0.07766129032258061,0.8790322580645161,16.05557632446289
FD004,pinn,1,consistency,3,0.29117637872695923,18.48540687561035,4217.111328125,0.07967741935483871,0.8548387096774194,16.05557632446289
FD004,pinn,1,consistency,4,0.4102941155433655,20.885278701782227,2116.62451171875,0.04362903225806451,0.9435483870967742,16.05557632446289
FD004,pinn,1,consistency,5,0.5294117629528046,27.921802520751953,6483.39013671875,0.1803225806451613,0.7258064516129032,16.05557632446289
FD004,pinn,1,drift,0,0.0,16.05557632446289,1477.3016357421875,0.08596774193548387,0.9153225806451613,16.05557632446289
FD004,pinn,1,drift,1,0.09999996423721313,16.843177795410156,1304.25,0.10032258064516128,0.9314516129032258,16.05557632446289
FD004,pinn,1,drift,2,0.32499992847442627,28.996397018432617,4628.11083984375,0.2366935483870968,0.8508064516129032,16.05557632446289
FD004,pinn,1,drift,3,0.5499999821186066,45.84199905395508,23062.47265625,0.3854838709677419,0.5241935483870968,16.05557632446289
FD004,pinn,1,drift,4,0.7749999910593033,58.85786819458008,73904.0625,0.4483870967741935,0.2701612903225806,16.05557632446289
FD004,pinn,1,drift,5,1.0,66.5643081665039,148300.671875,0.46451612903225803,0.1935483870967742,16.05557632446289
FD004,pinn,2,accuracy,0,0.0,14.601248741149902,1028.0189208984375,0.054758064516129024,0.9274193548387096,14.601248741149902
FD004,pinn,2,accuracy,1,0.05000007152557373,14.656005859375,1007.37109375,0.04911290322580645,0.9233870967741935,14.601248741149902
FD004,pinn,2,accuracy,2,0.1875,15.884299278259277,1159.1282958984375,0.03669354838709676,0.9193548387096774,14.601248741149902
FD004,pinn,2,accuracy,3,0.32499992847442627,15.730293273925781,1483.179931640625,0.04596774193548385,0.9153225806451613,14.601248741149902
FD004,pinn,2,accuracy,4,0.4624999761581421,18.7301025390625,2084.306640625,0.038306451612903206,0.8830645161290323,14.601248741149902
FD004,pinn,2,accuracy,5,0.5999999642372131,20.53166389465332,2019.4906005859375,0.05330645161290319,0.7943548387096774,14.601248741149902
FD004,pinn,2,accuracy_bias,0,0.0,14.601248741149902,1028.0189208984375,0.054758064516129024,0.9274193548387096,14.601248741149902
FD004,pinn,2,accuracy_bias,1,0.05000007152557373,14.931772232055664,1050.1705322265625,0.05354838709677419,0.9314516129032258,14.601248741149902
FD004,pinn,2,accuracy_bias,2,0.1875,16.59781265258789,1478.2254638671875,0.060483870967741916,0.9193548387096774,14.601248741149902
FD004,pinn,2,accuracy_bias,3,0.32499992847442627,19.57428741455078,1994.0528564453125,0.09596774193548385,0.8629032258064516,14.601248741149902
FD004,pinn,2,accuracy_bias,4,0.4624999761581421,22.861602783203125,3175.9208984375,0.12056451612903225,0.8024193548387096,14.601248741149902
FD004,pinn,2,accuracy_bias,5,0.5999999642372131,24.04210090637207,2810.1982421875,0.12096774193548385,0.7782258064516129,14.601248741149902
FD004,pinn,2,completeness_MCAR,0,0.0,14.601248741149902,1028.0189208984375,0.054758064516129024,0.9274193548387096,14.601248741149902
FD004,pinn,2,completeness_MCAR,1,0.050845980644226074,14.29612922668457,975.656982421875,0.051532258064516126,0.9314516129032258,14.601248741149902
FD004,pinn,2,completeness_MCAR,2,0.16276884078979492,14.111302375793457,949.5360107421875,0.05524193548387094,0.9233870967741935,14.601248741149902
FD004,pinn,2,completeness_MCAR,3,0.2758064866065979,16.033039093017578,1760.3065185546875,0.0471774193548387,0.8951612903225806,14.601248741149902
FD004,pinn,2,completeness_MCAR,4,0.3872470259666443,18.64809799194336,3098.22607421875,0.03145161290322579,0.8669354838709677,14.601248741149902
FD004,pinn,2,completeness_MCAR,5,0.5002846717834473,16.747602462768555,1713.90283203125,0.03249999999999998,0.8870967741935484,14.601248741149902
FD004,pinn,2,completeness_MAR,0,0.0,14.601248741149902,1028.0189208984375,0.054758064516129024,0.9274193548387096,14.601248741149902
FD004,pinn,2,completeness_MAR,1,0.05031627416610718,14.573273658752441,1014.5147094726562,0.053951612903225796,0.9395161290322581,14.601248741149902
FD004,pinn,2,completeness_MAR,2,0.16413664817810059,15.703474044799805,1192.766357421875,0.04959677419354837,0.9153225806451613,14.601248741149902
FD004,pinn,2,completeness_MAR,3,0.2778462767601013,15.433660507202148,1226.6846923828125,0.05564516129032256,0.9193548387096774,14.601248741149902
FD004,pinn,2,completeness_MAR,4,0.3907812237739563,16.058818817138672,1446.00341796875,0.04717741935483869,0.8870967741935484,14.601248741149902
FD004,pinn,2,completeness_MAR,5,0.5040954947471619,18.431285858154297,2093.484375,0.047177419354838684,0.8508064516129032,14.601248741149902
FD004,pinn,2,completeness_MNAR,0,0.0,14.601248741149902,1028.0189208984375,0.054758064516129024,0.9274193548387096,14.601248741149902
FD004,pinn,2,completeness_MNAR,1,0.05043482780456543,15.0079927444458,1164.6473388671875,0.046693548387096766,0.9233870967741935,14.601248741149902
FD004,pinn,2,completeness_MNAR,2,0.16331440210342407,16.115032196044922,2714.9833984375,0.04314516129032257,0.8991935483870968,14.601248741149902
FD004,pinn,2,completeness_MNAR,3,0.2761306166648865,17.807477951049805,3792.662109375,0.034516129032258036,0.8629032258064516,14.601248741149902
FD004,pinn,2,completeness_MNAR,4,0.3883855938911438,20.811229705810547,3751.45703125,0.0608064516129032,0.7741935483870968,14.601248741149902
FD004,pinn,2,completeness_MNAR,5,0.500118613243103,26.349117279052734,7224.77978515625,0.10411290322580644,0.5725806451612904,14.601248741149902
FD004,pinn,2,timeliness,0,0.0,14.601248741149902,1028.0189208984375,0.054758064516129024,0.9274193548387096,14.601248741149902
FD004,pinn,2,timeliness,1,0.15384620428085327,15.090326309204102,1125.6468505859375,0.04508064516129031,0.9233870967741935,14.601248741149902
FD004,pinn,2,timeliness,2,0.38461536169052124,18.43052864074707,2375.001953125,0.08024193548387099,0.8830645161290323,14.601248741149902
FD004,pinn,2,timeliness,3,0.5384615361690521,21.749176025390625,6017.287109375,0.07822580645161291,0.8306451612903226,14.601248741149902
FD004,pinn,2,timeliness,4,0.7692307680845261,24.135379791259766,17391.111328125,0.11217741935483871,0.7661290322580645,14.601248741149902
FD004,pinn,2,timeliness,5,1.0,28.15667152404785,23101.560546875,0.11096774193548387,0.7056451612903226,14.601248741149902
FD004,pinn,2,consistency,0,0.0,14.601248741149902,1028.0189208984375,0.054758064516129024,0.9274193548387096,14.601248741149902
FD004,pinn,2,consistency,1,0.052941203117370605,15.406343460083008,1075.4620361328125,0.0689516129032258,0.9112903225806451,14.601248741149902
FD004,pinn,2,consistency,2,0.17205893993377686,19.38382339477539,1900.5048828125,0.1504032258064516,0.8024193548387096,14.601248741149902
FD004,pinn,2,consistency,3,0.29117637872695923,18.19563865661621,1491.92041015625,0.03153225806451613,0.9112903225806451,14.601248741149902
FD004,pinn,2,consistency,4,0.4102941155433655,22.483667373657227,2877.8876953125,0.029919354838709656,0.7903225806451613,14.601248741149902
FD004,pinn,2,consistency,5,0.5294117629528046,31.230527877807617,12471.416015625,0.25241935483870964,0.5967741935483871,14.601248741149902
FD004,pinn,2,drift,0,0.0,14.601248741149902,1028.0189208984375,0.054758064516129024,0.9274193548387096,14.601248741149902
FD004,pinn,2,drift,1,0.09999996423721313,15.518046379089355,1004.33740234375,0.09774193548387096,0.9193548387096774,14.601248741149902
FD004,pinn,2,drift,2,0.32499992847442627,30.379220962524414,5220.380859375,0.34233870967741936,0.5967741935483871,14.601248741149902
FD004,pinn,2,drift,3,0.5499999821186066,50.228981018066406,32222.5078125,0.4629032258064516,0.17338709677419356,14.601248741149902
FD004,pinn,2,drift,4,0.7749999910593033,62.18055725097656,97935.046875,0.4854838709677419,0.08870967741935484,14.601248741149902
FD004,pinn,2,drift,5,1.0,68.91793060302734,183372.375,0.4939516129032258,0.05241935483870968,14.601248741149902
FD004,pinn,3,accuracy,0,0.0,15.23214054107666,1209.76806640625,0.07733870967741935,0.9556451612903226,15.23214054107666
FD004,pinn,3,accuracy,1,0.05000007152557373,15.367005348205566,1243.084716796875,0.07491935483870968,0.9556451612903226,15.23214054107666
FD004,pinn,3,accuracy,2,0.1875,16.46307945251465,1368.2481689453125,0.06774193548387095,0.9354838709677419,15.23214054107666
FD004,pinn,3,accuracy,3,0.32499992847442627,15.831801414489746,1276.811279296875,0.05838709677419355,0.9395161290322581,15.23214054107666
FD004,pinn,3,accuracy,4,0.4624999761581421,18.488666534423828,3107.70751953125,0.0536290322580645,0.9032258064516129,15.23214054107666
FD004,pinn,3,accuracy,5,0.5999999642372131,20.293554306030273,2215.367919921875,0.03370967741935482,0.8790322580645161,15.23214054107666
FD004,pinn,3,accuracy_bias,0,0.0,15.23214054107666,1209.76806640625,0.07733870967741935,0.9556451612903226,15.23214054107666
FD004,pinn,3,accuracy_bias,1,0.05000007152557373,15.231056213378906,1197.779296875,0.07733870967741933,0.9556451612903226,15.23214054107666
FD004,pinn,3,accuracy_bias,2,0.1875,15.784616470336914,1240.945556640625,0.07096774193548386,0.9354838709677419,15.23214054107666
FD004,pinn,3,accuracy_bias,3,0.32499992847442627,17.255027770996094,1414.7236328125,0.07056451612903224,0.9153225806451613,15.23214054107666
FD004,pinn,3,accuracy_bias,4,0.4624999761581421,18.94414520263672,1708.532470703125,0.06838709677419354,0.8790322580645161,15.23214054107666
FD004,pinn,3,accuracy_bias,5,0.5999999642372131,21.044710159301758,2558.4453125,0.07419354838709677,0.8387096774193549,15.23214054107666
FD004,pinn,3,completeness_MCAR,0,0.0,15.23214054107666,1209.76806640625,0.07733870967741935,0.9556451612903226,15.23214054107666
FD004,pinn,3,completeness_MCAR,1,0.050845980644226074,15.409215927124023,1229.1148681640625,0.08056451612903223,0.9556451612903226,15.23214054107666
FD004,pinn,3,completeness_MCAR,2,0.16276884078979492,15.37003231048584,2234.293212890625,0.08177419354838708,0.9475806451612904,15.23214054107666
FD004,pinn,3,completeness_MCAR,3,0.2758064866065979,15.220191955566406,1689.574951171875,0.08467741935483869,0.9274193548387096,15.23214054107666
FD004,pinn,3,completeness_MCAR,4,0.3872470259666443,18.087757110595703,2636.246337890625,0.05524193548387094,0.9193548387096774,15.23214054107666
FD004,pinn,3,completeness_MCAR,5,0.5002846717834473,16.47755241394043,1591.11767578125,0.0725806451612903,0.9112903225806451,15.23214054107666
FD004,pinn,3,completeness_MAR,0,0.0,15.23214054107666,1209.76806640625,0.07733870967741935,0.9556451612903226,15.23214054107666
FD004,pinn,3,completeness_MAR,1,0.05031627416610718,14.938283920288086,1161.7479248046875,0.08096774193548387,0.9596774193548387,15.23214054107666
FD004,pinn,3,completeness_MAR,2,0.16413664817810059,15.872212409973145,1553.3585205078125,0.07169354838709677,0.9516129032258065,15.23214054107666
FD004,pinn,3,completeness_MAR,3,0.2778462767601013,15.550411224365234,1131.5478515625,0.06846774193548386,0.9395161290322581,15.23214054107666
FD004,pinn,3,completeness_MAR,4,0.3907812237739563,16.36539077758789,1344.55078125,0.06935483870967742,0.9233870967741935,15.23214054107666
FD004,pinn,3,completeness_MAR,5,0.5040954947471619,17.443347930908203,1484.978271484375,0.0721774193548387,0.9153225806451613,15.23214054107666
FD004,pinn,3,completeness_MNAR,0,0.0,15.23214054107666,1209.76806640625,0.07733870967741935,0.9556451612903226,15.23214054107666
FD004,pinn,3,completeness_MNAR,1,0.05043482780456543,15.221809387207031,1245.68212890625,0.08096774193548387,0.9596774193548387,15.23214054107666
FD004,pinn,3,completeness_MNAR,2,0.16331440210342407,16.325349807739258,2707.72265625,0.07008064516129033,0.9395161290322581,15.23214054107666
FD004,pinn,3,completeness_MNAR,3,0.2761306166648865,17.69047737121582,3196.68701171875,0.06572580645161288,0.8951612903225806,15.23214054107666
FD004,pinn,3,completeness_MNAR,4,0.3883855938911438,19.773778915405273,2525.8017578125,0.05306451612903225,0.8548387096774194,15.23214054107666
FD004,pinn,3,completeness_MNAR,5,0.500118613243103,25.708343505859375,14811.5458984375,0.05838709677419353,0.6935483870967742,15.23214054107666
FD004,pinn,3,timeliness,0,0.0,15.23214054107666,1209.76806640625,0.07733870967741935,0.9556451612903226,15.23214054107666
FD004,pinn,3,timeliness,1,0.15384620428085327,15.413456916809082,1234.9141845703125,0.0725,0.9475806451612904,15.23214054107666
FD004,pinn,3,timeliness,2,0.38461536169052124,18.13128089904785,2648.81982421875,0.06282258064516132,0.9314516129032258,15.23214054107666
FD004,pinn,3,timeliness,3,0.5384615361690521,20.137182235717773,5764.0302734375,0.0653225806451613,0.8870967741935484,15.23214054107666
FD004,pinn,3,timeliness,4,0.7692307680845261,24.63345718383789,13830.2880859375,0.08798387096774195,0.7983870967741935,15.23214054107666
FD004,pinn,3,timeliness,5,1.0,27.678010940551758,19600.728515625,0.10088709677419354,0.7701612903225806,15.23214054107666
FD004,pinn,3,consistency,0,0.0,15.23214054107666,1209.76806640625,0.07733870967741935,0.9556451612903226,15.23214054107666
FD004,pinn,3,consistency,1,0.052941203117370605,15.46065616607666,1172.5556640625,0.08790322580645157,0.9395161290322581,15.23214054107666
FD004,pinn,3,consistency,2,0.17205893993377686,17.188753128051758,1433.0712890625,0.10887096774193546,0.8629032258064516,15.23214054107666
FD004,pinn,3,consistency,3,0.29117637872695923,16.94282341003418,3006.1005859375,0.080241935483871,0.9233870967741935,15.23214054107666
FD004,pinn,3,consistency,4,0.4102941155433655,16.563343048095703,1157.6400146484375,0.06725806451612902,0.9556451612903226,15.23214054107666
FD004,pinn,3,consistency,5,0.5294117629528046,26.04329490661621,4789.8125,0.19193548387096773,0.6693548387096774,15.23214054107666
FD004,pinn,3,drift,0,0.0,15.23214054107666,1209.76806640625,0.07733870967741935,0.9556451612903226,15.23214054107666
FD004,pinn,3,drift,1,0.09999996423721313,16.215120315551758,1178.4541015625,0.09314516129032256,0.9233870967741935,15.23214054107666
FD004,pinn,3,drift,2,0.32499992847442627,30.305522918701172,4911.27294921875,0.3076612903225806,0.6290322580645161,15.23214054107666
FD004,pinn,3,drift,3,0.5499999821186066,47.43353271484375,25551.17578125,0.4237903225806452,0.2903225806451613,15.23214054107666
FD004,pinn,3,drift,4,0.7749999910593033,57.752994537353516,65527.5078125,0.4600806451612903,0.18548387096774194,15.23214054107666
FD004,pinn,3,drift,5,1.0,63.671260833740234,112065.515625,0.4725806451612902,0.13306451612903225,15.23214054107666
FD004,pinn,4,accuracy,0,0.0,14.731402397155762,1142.31201171875,0.05556451612903228,0.9233870967741935,14.731402397155762
FD004,pinn,4,accuracy,1,0.05000007152557373,14.811676979064941,1147.3212890625,0.055241935483870984,0.9435483870967742,14.731402397155762
FD004,pinn,4,accuracy,2,0.1875,16.43590545654297,1322.5008544921875,0.036290322580645164,0.9354838709677419,14.731402397155762
FD004,pinn,4,accuracy,3,0.32499992847442627,17.132732391357422,1322.17919921875,0.029435483870967734,0.9274193548387096,14.731402397155762
FD004,pinn,4,accuracy,4,0.4624999761581421,19.81633949279785,2486.41748046875,0.032016129032258055,0.8790322580645161,14.731402397155762
FD004,pinn,4,accuracy,5,0.5999999642372131,22.668745040893555,2802.86181640625,0.054516129032258054,0.8588709677419355,14.731402397155762
FD004,pinn,4,accuracy_bias,0,0.0,14.731402397155762,1142.31201171875,0.05556451612903228,0.9233870967741935,14.731402397155762
FD004,pinn,4,accuracy_bias,1,0.05000007152557373,14.725621223449707,1034.2099609375,0.05443548387096776,0.9274193548387096,14.731402397155762
FD004,pinn,4,accuracy_bias,2,0.1875,15.472731590270996,1053.501708984375,0.04241935483870969,0.9354838709677419,14.731402397155762
FD004,pinn,4,accuracy_bias,3,0.32499992847442627,18.2514705657959,1748.68408203125,0.034999999999999996,0.9274193548387096,14.731402397155762
FD004,pinn,4,accuracy_bias,4,0.4624999761581421,20.92487335205078,2342.667724609375,0.011532258064516143,0.8911290322580645,14.731402397155762
FD004,pinn,4,accuracy_bias,5,0.5999999642372131,22.77621841430664,2807.34716796875,0.022177419354838707,0.8508064516129032,14.731402397155762
FD004,pinn,4,completeness_MCAR,0,0.0,14.731402397155762,1142.31201171875,0.05556451612903228,0.9233870967741935,14.731402397155762
FD004,pinn,4,completeness_MCAR,1,0.050845980644226074,14.481014251708984,998.807373046875,0.05725806451612904,0.9475806451612904,14.731402397155762
FD004,pinn,4,completeness_MCAR,2,0.16276884078979492,15.250431060791016,1288.0712890625,0.05129032258064516,0.9274193548387096,14.731402397155762
FD004,pinn,4,completeness_MCAR,3,0.2758064866065979,16.941020965576172,1862.5712890625,0.04919354838709676,0.9032258064516129,14.731402397155762
FD004,pinn,4,completeness_MCAR,4,0.3872470259666443,18.748004913330078,2064.52294921875,0.030725806451612908,0.8870967741935484,14.731402397155762
FD004,pinn,4,completeness_MCAR,5,0.5002846717834473,19.110013961791992,1991.026123046875,0.028387096774193543,0.8911290322580645,14.731402397155762
FD004,pinn,4,completeness_MAR,0,0.0,14.731402397155762,1142.31201171875,0.05556451612903228,0.9233870967741935,14.731402397155762
FD004,pinn,4,completeness_MAR,1,0.05031627416610718,14.214740753173828,963.1988525390625,0.0620967741935484,0.9435483870967742,14.731402397155762
FD004,pinn,4,completeness_MAR,2,0.16413664817810059,16.081993103027344,1202.1083984375,0.0556451612903226,0.9233870967741935,14.731402397155762
FD004,pinn,4,completeness_MAR,3,0.2778462767601013,16.41344451904297,1509.029052734375,0.06048387096774194,0.9153225806451613,14.731402397155762
FD004,pinn,4,completeness_MAR,4,0.3907812237739563,18.853595733642578,2199.1318359375,0.04129032258064516,0.8790322580645161,14.731402397155762
FD004,pinn,4,completeness_MAR,5,0.5040954947471619,18.430686950683594,1987.2353515625,0.051451612903225794,0.8629032258064516,14.731402397155762
FD004,pinn,4,completeness_MNAR,0,0.0,14.731402397155762,1142.31201171875,0.05556451612903228,0.9233870967741935,14.731402397155762
FD004,pinn,4,completeness_MNAR,1,0.05043482780456543,15.017047882080078,1187.7880859375,0.05645161290322581,0.9274193548387096,14.731402397155762
FD004,pinn,4,completeness_MNAR,2,0.16331440210342407,16.392120361328125,2074.2802734375,0.05048387096774194,0.9153225806451613,14.731402397155762
FD004,pinn,4,completeness_MNAR,3,0.2761306166648865,16.872051239013672,1392.6209716796875,0.04249999999999998,0.8991935483870968,14.731402397155762
FD004,pinn,4,completeness_MNAR,4,0.3883855938911438,20.39678192138672,2085.313232421875,0.05169354838709674,0.8306451612903226,14.731402397155762
FD004,pinn,4,completeness_MNAR,5,0.500118613243103,27.620424270629883,43206.125,0.07338709677419356,0.6330645161290323,14.731402397155762
FD004,pinn,4,timeliness,0,0.0,14.731402397155762,1142.31201171875,0.05556451612903228,0.9233870967741935,14.731402397155762
FD004,pinn,4,timeliness,1,0.15384620428085327,14.714377403259277,1071.80712890625,0.06290322580645161,0.9354838709677419,14.731402397155762
FD004,pinn,4,timeliness,2,0.38461536169052124,18.419265747070312,2173.556640625,0.06612903225806453,0.875,14.731402397155762
FD004,pinn,4,timeliness,3,0.5384615361690521,22.410051345825195,7062.4833984375,0.06854838709677422,0.8548387096774194,14.731402397155762
FD004,pinn,4,timeliness,4,0.7692307680845261,24.811697006225586,10302.3017578125,0.08911290322580646,0.8104838709677419,14.731402397155762
FD004,pinn,4,timeliness,5,1.0,29.649940490722656,34330.1484375,0.10040322580645163,0.7298387096774194,14.731402397155762
FD004,pinn,4,consistency,0,0.0,14.731402397155762,1142.31201171875,0.05556451612903228,0.9233870967741935,14.731402397155762
FD004,pinn,4,consistency,1,0.052941203117370605,15.358433723449707,1103.2862548828125,0.0628225806451613,0.9233870967741935,14.731402397155762
FD004,pinn,4,consistency,2,0.17205893993377686,17.84372329711914,1462.15576171875,0.09758064516129031,0.8790322580645161,14.731402397155762
FD004,pinn,4,consistency,3,0.29117637872695923,18.701000213623047,2116.025146484375,0.08145161290322582,0.9233870967741935,14.731402397155762
FD004,pinn,4,consistency,4,0.4102941155433655,18.138704299926758,1960.974365234375,0.03685483870967745,0.907258064516129,14.731402397155762
FD004,pinn,4,consistency,5,0.5294117629528046,32.07981872558594,9554.529296875,0.27903225806451615,0.6370967741935484,14.731402397155762
FD004,pinn,4,drift,0,0.0,14.731402397155762,1142.31201171875,0.05556451612903228,0.9233870967741935,14.731402397155762
FD004,pinn,4,drift,1,0.09999996423721313,16.88197898864746,1065.03564453125,0.0871774193548387,0.9516129032258065,14.731402397155762
FD004,pinn,4,drift,2,0.32499992847442627,34.019744873046875,7427.056640625,0.2701612903225806,0.7580645161290323,14.731402397155762
FD004,pinn,4,drift,3,0.5499999821186066,50.26359558105469,34996.5078125,0.3842741935483871,0.40725806451612906,14.731402397155762
FD004,pinn,4,drift,4,0.7749999910593033,59.927833557128906,81808.8828125,0.4225806451612903,0.2782258064516129,14.731402397155762
FD004,pinn,4,drift,5,1.0,65.25929260253906,132711.484375,0.4423387096774193,0.2217741935483871,14.731402397155762
